1stFlrSF,2ndFlrSF,BedroomAbvGr,BsmtExposure,BsmtFinSF1,BsmtFinType1,BsmtUnfSF,GarageArea,GarageFinish,GarageYrBlt,GrLivArea,KitchenQual,LotArea,LotFrontage,MasVnrArea,OpenPorchSF,OverallCond,OverallQual,TotalBsmtSF,YearBuilt,YearRemodAdd
1828,0,0,0,48,6,1774,774,2,2007,1828,2,11694,90,452,108,5,9,1822,2007,2007
894,0,2,3,0,5,894,308,3,1962,894,3,6600,60,0,0,5,5,894,1962,1962
964,0,2,3,713,0,163,432,2,1921,964,3,13360,80,0,0,7,5,876,1921,2006
1689,0,3,3,1218,2,350,857,1,2002,1689,2,13265,69,148,59,5,8,1568,2002,2002
1541,0,3,3,0,5,1541,843,1,2001,1541,2,13704,118,150,81,5,7,1541,2001,2002
1221,0,2,3,410,2,811,400,1,2004,1221,2,7500,62,0,113,5,7,1221,2004,2005
1324,0,3,3,643,4,445,440,3,1965,1324,3,8658,84,101,138,5,6,1088,1965,1965
696,720,3,3,604,0,92,484,2,1999,1416,2,2572,24,0,44,5,7,696,1999,1999
526,462,2,1,462,2,0,297,2,1973,988,3,1596,21,0,101,5,4,462,1973,1973
869,349,3,3,375,0,360,440,2,2003,1218,3,6000,60,0,0,6,6,735,1941,1950
760,896,3,3,0,5,746,397,0,2003,1656,2,6931,60,92,128,5,7,746,2003,2004
1362,0,2,0,20,0,1342,460,3,2005,1362,2,7577,61,256,28,5,6,1362,2005,2006
1051,788,4,3,0,5,756,442,2,1966,1839,3,7700,70,351,124,5,6,756,1966,1966
1375,0,2,3,0,5,1367,451,2,1954,1375,3,11310,75,0,30,5,6,1367,1954,1954
1122,0,2,3,144,2,172,528,2,1948,1122,2,12000,100,0,36,7,5,924,1948,2005
1432,0,2,1,680,0,289,588,2,1978,1432,2,16157,69,0,180,7,5,1360,1978,1978
728,728,3,0,0,5,728,400,0,2007,1456,2,9018,65,0,24,5,7,728,2007,2007
1217,0,3,0,611,2,577,497,2,1990,1217,2,9947,69,0,27,5,7,1188,1990,1991
1040,0,2,4,0,6,0,625,2,1950,1040,3,7200,60,0,0,7,5,0,1950,1950
612,612,2,0,294,2,318,528,1,2009,1224,2,3000,30,76,234,5,6,612,2009,2009
1022,752,2,3,0,5,952,468,2,1931,1774,3,6120,51,0,0,5,7,952,1931,1950
961,406,4,3,241,4,229,384,2,1978,1367,3,8405,50,0,130,8,5,861,1900,1950
803,557,2,3,0,5,803,297,3,1951,1360,2,7200,60,0,65,6,5,803,1938,1995
848,0,1,0,697,2,151,420,1,2004,848,2,4426,69,147,0,5,6,848,2004,2004
1482,780,0,1,871,2,611,749,0,2003,2262,2,12244,85,226,0,5,8,1482,2003,2003
1220,0,2,3,836,3,0,396,2,1951,1220,3,8877,67,0,0,5,4,836,1951,1951
1414,0,2,3,0,5,1375,398,0,2004,1414,2,3072,69,18,20,5,7,1375,2004,2004
1134,924,3,3,319,4,416,396,2,1950,2058,3,9600,60,0,0,5,6,735,1917,1950
1088,110,4,3,0,6,901,0,3,0,1198,3,5586,60,0,98,7,6,901,1920,1998
1659,0,2,3,1158,2,343,499,0,2000,1659,0,5664,40,0,59,5,8,1501,2000,2000
1012,0,2,3,0,5,1012,308,2,1920,1012,3,8263,59,0,22,5,6,1012,1920,1950
1687,998,5,3,523,2,301,672,0,1970,3082,3,15863,102,0,63,3,7,824,1920,1970
1032,0,4,3,0,5,360,672,2,1999,1812,2,7630,76,0,0,9,5,360,1900,1996
1057,872,3,3,738,6,319,650,0,2001,1929,2,7050,69,0,235,5,7,1057,2001,2001
954,0,3,0,483,0,428,576,2,1976,954,3,10780,55,0,0,5,5,911,1976,1976
1838,0,2,0,1260,2,578,765,3,2006,1838,0,14601,85,584,68,5,9,1838,2006,2006
1640,0,3,3,728,1,568,924,2,1993,1640,2,14778,69,72,0,7,6,1296,1954,2006
1148,0,3,3,1148,1,0,672,2,1959,1148,3,7931,70,0,0,5,5,1148,1959,1959
950,0,0,3,412,1,251,280,2,1981,950,3,9758,61,0,0,5,5,950,1971,1971
1065,846,3,3,380,6,397,471,1,1993,1911,2,9554,80,125,81,5,8,777,1993,1994
915,720,3,3,300,4,765,440,2,1950,1635,3,8737,70,0,38,7,6,1065,1923,1950
1316,0,3,0,0,6,1316,440,0,2007,1316,2,11175,103,0,20,5,7,1316,2007,2007
1442,0,2,3,0,5,1442,615,1,1970,1442,3,11717,69,571,0,6,6,1442,1970,1970
1078,0,3,3,734,2,344,500,0,1971,1078,3,12537,69,0,0,6,5,1078,1971,2008
1120,0,3,3,932,0,108,544,1,1961,1120,1,6970,85,0,0,5,4,1040,1961,1961
779,640,3,3,353,2,55,527,0,2002,1419,2,7750,69,0,0,5,8,408,2002,2002
707,682,3,3,0,5,651,240,2,1947,1389,3,3378,60,0,0,8,7,651,1946,1992
1063,0,3,3,354,4,412,280,1,1954,1063,3,9920,80,110,0,5,5,1056,1954,1954
1792,0,2,1,1567,2,225,874,0,2003,1792,0,11846,72,562,49,5,9,1792,2003,2004
1216,0,2,3,897,2,319,402,2,1998,1216,3,4500,32,116,125,5,6,1216,1998,1998
998,764,4,3,0,5,596,576,2,1989,1762,2,7200,60,0,0,7,7,596,1920,1950
847,1112,4,0,0,5,847,434,0,2004,1959,2,11796,59,0,48,5,7,847,2004,2005
1208,0,3,3,767,0,441,546,1,1977,1208,3,11250,69,0,42,6,6,1208,1977,1977
874,650,3,3,460,1,414,315,2,1958,1524,3,11344,78,180,0,5,5,874,1958,1958
796,358,3,3,735,1,61,240,2,1922,1154,2,5436,40,0,96,8,4,796,1922,2007
1048,0,3,4,0,6,0,420,2,1950,1048,3,7200,60,0,27,5,5,0,1950,1950
886,0,2,3,0,5,190,273,2,1938,886,3,5784,50,0,20,8,5,190,1938,1996
943,0,2,1,943,2,0,600,2,1979,943,3,7032,69,0,0,5,5,943,1979,1979
866,902,3,3,400,2,466,603,1,2005,1768,2,9803,75,0,108,5,7,866,2005,2005
1422,1177,4,3,0,5,1393,779,0,1999,2599,2,14774,108,165,30,5,9,1393,1999,1999
912,0,2,3,456,4,456,275,1,1958,912,3,10150,70,1,0,5,5,912,1958,1958
882,0,2,4,0,6,0,308,2,1956,882,3,12702,70,0,45,5,5,0,1956,1956
1337,0,2,3,266,2,1139,511,0,1998,1337,2,4060,34,0,68,5,6,1405,1998,1999
2076,0,2,1,1386,2,690,850,3,2006,2076,0,13891,107,0,229,5,10,2076,2006,2006
1328,1203,4,0,56,3,1198,752,1,1995,2531,2,12257,65,513,98,5,8,1318,1995,1995
981,787,3,3,569,0,162,240,2,1939,1768,2,7200,60,252,0,7,5,731,1937,1950
1625,0,2,1,1573,6,0,538,3,2006,1625,2,4750,44,481,0,5,8,1573,2006,2007
1444,700,4,1,697,4,747,389,0,1958,2144,2,159000,69,472,98,7,6,1444,1958,2006
1521,0,0,3,0,5,1237,880,2,1988,2775,2,13500,75,0,502,9,10,1237,1893,2000
1140,728,3,3,0,5,585,477,0,1984,1868,3,12090,78,74,112,7,6,585,1984,2003
1525,0,3,0,1400,2,125,541,1,2000,1525,2,9100,70,244,36,5,7,1525,2000,2000
1571,0,3,1,0,6,1571,722,0,2007,1571,2,10991,89,80,36,5,8,1571,2007,2007
796,0,2,3,0,5,796,0,3,0,796,3,8777,67,0,0,7,5,796,1910,1950
1378,994,4,3,0,5,994,432,1,1985,2372,3,6600,60,0,287,4,5,994,1892,1965
802,670,3,3,0,5,384,402,1,1991,1472,2,10784,69,76,0,5,7,384,1991,1992
960,0,0,0,648,2,0,364,2,1965,960,3,10246,69,0,0,9,4,648,1965,2001
734,1104,4,0,0,5,732,372,0,2005,1838,3,21930,60,0,40,5,5,732,2005,2005
1309,0,3,3,663,0,0,484,1,1974,1309,2,10140,78,99,0,6,6,1040,1974,1999
2069,574,3,0,0,5,2153,694,0,2006,2643,0,13693,105,772,84,5,9,2153,2006,2006
676,455,0,3,0,5,676,200,2,1941,1131,3,5720,52,0,0,6,5,676,1941,1950
960,1000,4,3,0,5,960,400,2,1952,1960,3,7596,60,360,0,5,5,960,1952,1952
1144,0,3,3,25,1,247,336,2,1962,1144,3,9204,71,0,88,5,5,1144,1963,1963
1056,0,0,3,1056,2,0,576,2,1980,1056,3,6979,64,0,56,5,6,1056,1980,1980
693,0,2,3,0,6,693,0,3,0,693,1,4118,153,0,20,4,4,693,1941,1950
1494,0,3,1,1200,2,279,576,1,1997,1494,2,9236,79,0,27,5,6,1479,1997,1997
1646,0,2,1,1373,2,221,482,0,2004,1646,2,3842,44,174,53,5,8,1594,2004,2005
864,0,3,0,390,0,474,352,2,1989,864,3,7180,60,0,0,7,5,864,1972,1972
1566,0,3,0,1078,2,488,750,1,2008,1566,2,9000,75,36,168,5,8,1566,2008,2008
735,660,3,3,593,1,130,497,2,1972,1395,3,12936,69,0,116,6,6,723,1972,1972
848,0,2,3,152,1,628,539,2,1962,1208,3,6240,52,0,23,5,4,780,1925,1950
939,574,4,2,0,5,939,180,2,1933,1513,3,6120,51,0,0,8,5,939,1920,2004
959,408,3,3,425,3,459,560,3,1978,1367,3,6240,52,0,0,6,6,884,1931,1950
955,0,3,3,763,1,192,386,2,1966,955,3,7742,66,0,0,7,5,955,1966,1966
1077,0,3,3,0,5,1007,210,2,1922,1077,3,9786,60,0,100,4,3,1007,1922,1950
1056,0,3,2,1056,4,0,572,0,1955,1056,3,34650,100,0,0,5,5,1056,1955,1955
756,797,3,3,0,5,756,615,1,2005,1553,2,8125,65,0,45,5,7,756,2005,2006
1614,0,3,0,20,2,1594,865,1,2005,1614,2,11210,86,240,59,5,7,1614,2005,2006
2042,0,3,3,0,6,2042,1390,1,2009,2042,0,12704,98,306,90,5,8,2042,2008,2009
1073,0,2,3,0,5,1073,326,3,1968,1073,3,5400,60,0,0,6,5,1073,1921,1968
1072,213,2,3,336,1,295,240,2,1948,1285,3,8635,50,0,0,5,5,672,1948,2001
2117,0,4,2,865,1,340,550,0,1970,2117,3,12925,69,0,42,7,6,1205,1970,1970
605,0,2,2,348,6,180,0,3,0,605,3,9098,58,0,0,7,4,528,1920,2002
1150,0,3,3,179,0,465,300,1,1959,1150,3,7945,70,0,0,6,5,1150,1959,1959
728,728,0,3,0,5,728,400,3,2005,1456,2,8029,51,0,24,5,6,728,2005,2005
999,0,3,0,867,0,77,588,1,1961,999,0,12122,69,210,76,9,7,944,1961,2007
750,750,3,3,0,5,750,564,1,2005,1500,2,8846,68,0,35,5,6,750,2005,2006
1336,0,2,2,841,1,324,375,2,1953,1336,3,15750,90,56,0,5,5,1165,1953,1953
864,729,3,3,759,2,80,398,3,2004,1593,3,7415,62,0,75,5,6,839,2004,2004
1130,1054,3,0,936,2,168,836,0,2008,2184,0,11308,96,154,102,5,9,1104,2008,2008
1560,0,3,3,0,5,1560,573,0,2003,1560,2,9196,129,0,150,5,7,1560,2003,2003
888,0,3,3,386,3,342,312,2,1942,1644,2,9480,79,224,0,7,5,728,1942,1995
630,0,0,0,515,2,115,286,2,1970,630,2,1526,21,0,0,8,4,630,1970,2002
1113,0,3,3,751,1,392,504,1,1987,1113,3,7917,69,174,30,7,6,1143,1976,1976
1071,1101,0,3,0,5,1063,947,1,2006,2172,2,14154,109,350,62,5,7,1063,2006,2006
796,550,2,3,0,5,560,384,2,1950,1346,3,11767,70,0,24,7,4,560,1910,2000
1184,1426,4,0,64,2,1120,550,0,2007,2610,0,9000,75,0,364,5,8,1184,2007,2007
1026,932,3,3,0,5,1026,936,0,2005,1958,2,10625,85,0,210,5,7,1026,2005,2005
1468,0,3,3,0,5,1468,898,0,2008,1468,2,9612,74,72,150,5,8,1468,2008,2009
1302,432,4,4,0,6,0,539,2,1977,1734,2,10125,75,0,0,5,5,0,1977,1977
768,432,3,3,352,1,416,240,2,1946,1200,3,11767,70,0,0,6,5,768,1946,1995
1112,438,2,3,812,2,280,438,0,2007,1550,2,8125,65,100,168,5,7,1092,2006,2007
954,795,5,3,0,5,795,440,2,1997,2230,3,6204,60,0,188,5,4,795,1912,1950
1166,0,3,3,0,5,1064,240,2,1936,1639,3,10480,51,0,0,5,6,1064,1936,1950
864,0,3,3,521,1,169,624,3,1964,864,3,9100,70,0,0,5,5,864,1958,1958
1621,0,3,2,213,0,995,440,3,1984,1621,2,14145,91,0,45,7,7,1208,1984,1998
483,504,0,3,162,0,321,264,2,1972,987,2,1680,21,510,0,8,6,483,1972,2007
1238,1281,4,1,965,2,245,628,1,1989,2519,2,26178,42,293,27,5,7,1210,1989,1990
765,600,3,3,765,3,0,440,2,1970,1365,3,2368,24,312,36,6,5,765,1970,1970
1149,1141,4,2,0,5,1128,779,2,2002,2290,2,11250,69,0,0,5,8,1128,2002,2002
1249,1347,4,0,0,5,1249,840,1,2006,2596,2,16259,111,370,154,5,9,1249,2006,2006
907,0,3,3,288,4,619,352,2,1964,907,3,8593,77,0,0,6,4,907,1957,1957
855,0,3,3,566,0,289,440,3,1976,1456,3,2280,24,0,0,6,6,855,1976,1976
1190,0,3,0,803,0,303,540,3,1962,1190,3,7728,70,120,18,6,5,1106,1962,1962
858,0,2,3,322,0,536,684,2,1979,858,3,7340,69,0,0,6,4,858,1971,1971
2223,0,3,1,1880,0,343,516,0,1973,2223,3,13651,95,1115,0,6,7,2223,1973,1973
1005,0,2,3,0,5,1005,672,2,1977,1005,1,10434,60,0,0,5,4,1005,1955,1955
1086,809,3,3,0,5,712,409,0,1994,1895,2,10832,69,0,46,5,7,712,1994,1996
1040,0,3,3,906,4,134,384,2,1965,1040,3,11200,70,0,0,5,5,1040,1965,1965
1264,0,3,3,697,4,571,461,2,1960,1264,3,9300,73,324,0,5,5,1268,1960,1960
874,887,3,3,0,5,874,578,0,2007,1761,2,10207,84,0,105,6,7,874,2007,2007
1034,0,3,0,539,2,473,888,2,1976,1034,3,12328,69,335,0,5,6,1012,1976,1976
1363,0,2,1,226,3,96,439,2,1954,1363,3,39104,73,0,0,7,7,1385,1954,2005
1689,0,3,3,0,5,1436,480,2,1956,1689,3,9855,73,0,0,5,6,1436,1956,1956
2113,0,2,1,1696,2,413,839,0,1995,2113,2,10437,91,660,46,6,8,2109,1995,1995
1573,0,3,3,788,2,785,544,1,2002,1573,2,9808,67,110,72,5,7,1573,2002,2002
2364,0,0,1,2188,2,142,820,0,2009,2364,0,12919,100,760,67,5,9,2330,2009,2010
1057,977,0,3,739,2,318,645,1,1998,2034,2,9375,69,573,36,5,7,1057,1997,1998
1291,0,2,2,1003,2,288,431,2,1996,1291,2,2887,69,0,0,5,6,1291,1996,1997
858,0,2,1,696,1,162,0,3,0,858,3,7207,50,0,0,7,5,858,1958,2008
698,560,2,2,204,4,356,280,2,1939,1258,3,9060,60,0,0,5,6,560,1939,1950
438,0,1,3,290,4,0,246,2,1930,438,1,8400,60,0,0,5,2,290,1920,1950
672,728,0,3,209,0,463,440,0,1978,1400,3,7844,74,203,0,7,6,672,1978,1978
954,0,2,3,0,5,920,240,2,1938,954,1,6305,50,0,0,7,5,920,1938,1950
1445,0,0,1,564,6,563,645,1,1964,1445,3,12095,69,115,0,6,6,1127,1964,1964
1072,0,2,1,459,6,88,525,3,2005,1072,3,3675,35,80,28,5,6,547,2005,2005
1664,0,4,4,0,6,0,0,3,0,1664,3,9825,75,0,0,5,5,0,1965,1965
1445,689,5,3,0,5,844,441,2,1930,2134,2,11888,69,0,60,6,6,844,1916,1994
1940,1254,4,2,428,1,537,380,2,1934,3194,3,12168,78,0,0,6,8,965,1934,1998
912,912,4,0,0,5,912,0,3,0,1824,3,9400,94,0,0,5,6,912,1971,1971
888,868,3,3,742,0,130,422,0,1996,1756,3,9303,69,42,122,5,6,872,1996,1997
912,0,2,3,595,0,317,576,2,1992,912,2,8872,72,300,240,8,5,912,1965,2008
1509,0,3,0,783,2,678,600,1,1988,1509,2,10200,85,219,0,5,6,1461,1988,1989
1160,448,3,3,264,1,712,216,2,1925,1608,2,6171,51,0,16,6,6,976,1925,1990
1316,0,3,3,28,2,1288,397,0,2005,1316,2,10237,65,0,0,5,6,1316,2005,2006
1015,0,3,3,489,4,279,450,2,1925,1015,3,6120,51,0,0,7,5,768,1925,1950
756,378,3,3,312,0,444,240,2,1940,1134,3,8160,60,0,0,6,5,756,1940,1950
1636,0,3,3,63,2,1560,865,1,2006,1636,2,13501,116,208,60,5,8,1623,2006,2006
660,660,3,3,0,5,660,400,0,2003,1320,2,7750,69,0,48,5,7,660,2003,2003
1160,966,3,1,249,3,0,538,0,1967,2126,3,28698,69,0,0,5,5,1013,1967,1967
1128,0,3,2,776,0,344,525,1,1963,1128,3,8700,80,148,20,6,5,1120,1963,1963
1306,0,2,2,860,1,132,756,2,1968,1306,3,8712,64,0,0,7,5,992,1957,2000
798,546,3,3,0,5,546,0,3,0,1344,3,1533,21,0,0,6,4,546,1970,2008
1576,978,3,3,0,6,718,704,2,1996,2554,3,10800,60,0,48,8,7,718,1890,1998
893,0,2,3,220,0,625,576,2,1985,893,2,9600,60,0,0,7,5,845,1949,2003
894,1039,4,2,0,5,894,668,0,2007,1933,2,14598,86,74,18,5,6,894,2007,2007
672,546,3,3,356,1,316,264,2,1973,1218,3,1890,21,285,28,5,6,672,1973,1973
1161,808,3,3,0,5,808,534,1,1977,1969,3,11952,92,0,0,6,7,808,1977,1977
1220,870,3,3,1079,2,141,556,1,1995,2090,2,10000,80,438,65,5,8,1220,1995,1996
1484,0,3,0,998,0,486,487,2,1971,1484,3,12243,70,0,0,6,5,1484,1971,1971
1656,0,4,3,0,5,1656,506,2,1973,1656,3,9246,87,564,211,5,5,1656,1973,1973
818,406,3,3,468,4,350,210,2,1926,1224,3,3950,69,0,0,8,6,818,1926,2004
1022,1032,3,3,695,2,297,390,1,2000,2054,2,12224,69,40,48,5,6,992,2000,2000
854,0,2,3,0,5,832,576,2,1991,854,3,6120,51,0,112,8,7,832,1929,2001
546,546,3,3,334,1,212,286,1,1973,1092,3,1974,69,0,96,5,4,546,1973,1973
1268,0,3,0,196,0,1072,252,2,1978,1268,2,9286,69,0,0,7,5,1268,1977,1989
827,834,3,0,385,2,70,550,1,1996,1661,2,10667,43,0,61,6,7,799,1996,1996
1668,0,3,0,370,1,315,502,0,2003,1668,2,10635,48,171,262,5,8,1657,2003,2003
1493,0,0,1,994,2,484,508,0,1997,1493,2,13125,75,215,39,5,6,1478,1997,1998
932,0,2,3,0,5,932,306,2,1950,932,2,8280,57,0,0,5,6,932,1950,1950
1277,0,2,1,778,2,499,526,2,1970,1277,3,10628,85,0,0,5,7,1277,1970,1970
1530,0,3,0,1300,2,230,630,0,2004,1530,2,14572,182,0,36,5,7,1530,2004,2004
1344,0,2,3,457,0,193,484,2,1970,1344,3,9503,69,0,28,5,5,1024,1958,1983
860,0,2,0,672,0,168,528,2,1996,860,3,8740,74,0,0,6,5,840,1982,1982
1314,0,2,3,904,2,410,626,3,2008,1314,2,5001,34,166,62,5,7,1314,2007,2008
1391,571,3,2,464,2,927,868,1,2006,1962,2,8760,73,0,90,5,7,1391,2006,2006
788,702,3,0,724,2,64,388,0,2004,1490,2,15384,60,0,75,5,7,788,2004,2005
848,0,1,0,662,2,186,420,3,2004,848,2,4426,69,169,0,5,6,848,2004,2004
672,0,2,3,0,5,672,240,2,1940,672,3,10200,60,0,0,8,5,672,1940,1997
1188,1152,4,3,275,2,877,252,1,1941,2340,2,9042,66,0,60,9,7,1152,1941,2006
808,704,3,3,0,5,660,180,2,1916,1656,3,10410,60,0,0,7,5,660,1916,1987
725,754,4,3,626,0,99,484,0,1972,1479,2,7472,69,138,32,9,7,725,1972,2004
1226,0,0,3,0,5,1226,740,1,2009,1226,2,10402,94,0,36,5,7,1226,2009,2009
976,1111,5,1,568,3,264,444,0,1966,2087,2,12205,69,157,168,8,6,832,1966,2007
1158,0,3,3,941,0,217,576,2,2006,1158,2,13072,63,0,50,5,6,1158,2004,2004
1154,0,3,2,740,1,184,480,1,1966,1154,3,11000,69,200,58,6,5,1154,1966,1966
880,844,3,0,0,5,880,527,0,1998,1724,2,8924,57,0,155,5,7,880,1998,1999
773,885,3,3,219,2,554,431,0,1995,1658,3,8000,69,0,84,5,6,773,1995,1996
1126,0,2,4,0,6,0,520,0,2002,1126,2,8777,67,0,96,5,4,0,1949,2003
872,521,3,3,0,5,816,300,2,1955,1393,3,16466,59,0,0,7,5,816,1955,1955
1968,1479,4,2,192,4,536,1014,3,1982,3447,2,14100,69,632,12,9,8,728,1935,1997
483,504,2,3,309,1,174,264,2,1973,987,3,1953,21,408,0,5,6,483,1973,1973
808,547,4,3,351,0,112,0,3,0,1355,3,10106,62,0,0,7,5,644,1940,1999
2069,0,4,1,425,2,160,505,1,1960,2069,2,27650,313,0,0,7,7,585,1960,2007
757,0,0,3,549,0,195,440,2,1999,1501,3,2280,24,360,0,5,7,744,1999,1999
1976,0,2,1,1350,6,626,908,1,2006,1976,2,14977,110,304,63,5,8,1976,2006,2007
1563,0,3,3,33,2,1530,758,1,2007,1563,2,10206,78,468,99,5,8,1563,2007,2007
572,539,2,3,0,5,572,288,2,1982,1111,3,5700,69,0,0,7,7,572,1926,1950
851,651,3,3,0,5,776,270,1,1931,1502,3,7200,60,0,0,6,7,776,1931,2000
1733,0,4,4,0,6,0,452,2,1955,1733,3,13680,69,0,0,5,3,0,1955,1955
1848,880,4,3,1410,2,438,706,0,2006,2728,0,20431,56,870,0,5,9,1848,2005,2006
630,672,3,3,231,0,399,264,2,1972,1302,3,1680,21,268,0,7,5,630,1972,1972
1332,192,0,1,1258,2,74,586,0,1979,1524,2,23595,69,0,0,6,7,1332,1979,1979
1120,468,4,4,0,6,0,680,0,1991,1588,3,17120,80,0,59,4,4,0,1959,1959
1125,0,2,3,0,5,1125,430,2,2007,1125,3,8536,74,0,64,5,5,1125,2006,2007
520,600,2,3,0,5,600,480,1,2005,1200,2,3180,30,0,166,5,7,600,2005,2005
798,842,3,3,0,5,798,520,1,2004,1640,2,8366,65,0,45,5,6,798,2004,2004
1223,904,3,3,1000,2,223,525,1,1994,2127,2,10944,81,448,132,5,7,1223,1994,1994
972,0,2,3,680,0,292,240,2,1948,972,3,8000,50,0,0,6,6,972,1948,2002
1142,878,3,3,584,2,544,466,1,1995,2020,2,9828,80,0,155,5,8,1128,1995,1995
1144,0,0,0,739,1,405,596,2,1956,1144,3,9571,68,0,0,6,5,1144,1956,1956
1352,0,3,0,300,1,468,288,2,1958,1352,2,6930,92,120,0,4,5,1062,1958,1958
926,0,3,3,234,3,0,484,2,1974,1316,3,5500,50,0,0,7,5,926,1929,2001
1086,838,3,0,956,2,130,592,1,1998,1924,2,12011,78,530,75,5,8,1086,1998,1998
1164,0,3,3,1040,0,124,240,2,1950,1164,3,10880,68,0,48,5,5,1164,1950,1950
952,0,2,2,852,0,100,840,2,1988,952,3,7350,60,0,0,7,5,952,1951,1951
938,1215,4,3,259,3,425,0,3,0,2358,3,5250,50,0,54,5,8,684,1872,1987
1680,0,3,3,808,2,72,540,0,1988,1680,2,21695,69,260,44,9,6,880,1988,2007
1221,691,3,3,0,5,482,672,2,2003,1912,3,10800,60,0,25,7,6,482,1905,2000
1004,0,2,3,578,0,426,480,0,1970,1004,3,11241,69,180,0,7,6,1004,1970,1970
774,456,3,3,384,0,363,305,2,1946,1230,3,4712,51,0,57,7,4,747,1946,1950
1167,0,3,3,645,1,270,495,2,1972,1167,3,8731,98,0,0,5,5,915,1920,1950
1301,0,2,2,405,3,740,440,2,1965,1301,1,6911,60,0,0,5,5,1145,1924,1950
1453,0,0,1,1082,2,371,445,1,1986,1453,2,5271,69,0,80,5,7,1453,1986,1986
1601,0,3,0,1358,2,223,670,1,2001,1601,2,11423,69,479,0,5,8,1581,2001,2002
1588,0,3,0,0,5,1588,825,3,2006,1588,2,10000,85,410,45,5,8,1588,2006,2006
1095,0,2,1,513,0,75,264,3,1958,1095,3,10382,75,105,0,5,6,588,1958,1958
1050,0,3,3,915,4,135,368,2,1961,1050,3,10659,69,0,319,6,5,1050,1961,1961
960,0,3,3,520,4,440,432,0,1965,960,3,10921,73,48,0,5,4,960,1965,1965
1002,454,4,2,0,5,810,280,2,1954,1456,3,7585,50,0,0,3,5,810,1948,1950
1489,0,3,3,0,5,1489,462,1,1968,1489,2,9156,69,0,0,7,6,1489,1968,1968
1726,0,3,3,1126,6,600,786,3,2007,1726,0,9416,79,205,138,5,7,1726,2007,2007
1362,720,3,3,0,5,1362,484,2,2003,2082,2,11426,63,0,238,5,7,1362,2003,2003
1339,0,0,3,1053,0,256,484,0,1990,1339,3,8049,50,54,58,5,7,1309,1990,1990
1310,1140,3,2,781,2,503,1069,0,1998,2450,2,16545,69,731,126,5,8,1284,1998,1998
879,984,4,0,0,5,879,660,0,2006,1863,2,14054,58,0,17,5,7,879,2006,2006
768,0,2,0,656,2,112,396,2,1988,768,3,8445,70,0,0,7,5,768,1972,2007
334,0,1,4,0,6,0,0,3,0,334,1,5000,50,0,0,3,1,0,1946,1950
1136,0,3,3,892,4,244,384,3,1965,1136,3,9200,80,0,0,6,6,1136,1965,1965
1337,0,2,3,1201,2,36,405,0,1998,1337,3,4500,32,443,199,5,6,1237,1998,1998
912,0,2,3,312,4,0,288,2,1964,912,3,7800,66,0,0,5,5,912,1964,1964
876,936,4,3,540,0,324,264,1,1962,1812,3,7590,69,288,168,5,5,864,1962,1962
1052,720,4,3,378,6,342,240,3,1939,2192,2,8400,60,0,24,8,5,720,1939,1997
658,526,5,3,0,5,658,0,3,0,1184,3,8410,58,0,151,3,5,658,1910,1996
964,925,4,3,0,5,925,308,2,1960,1889,3,10120,60,0,0,4,7,925,1910,1950
1327,0,0,3,405,4,658,624,2,1974,1327,2,7388,75,0,0,6,5,1063,1959,2002
1422,0,3,3,588,6,606,576,0,1981,1422,2,12090,78,210,0,6,6,1422,1981,1981
1632,0,4,0,0,5,1632,576,2,1967,1632,3,25000,100,0,0,4,5,1632,1967,1967
1630,0,3,3,0,6,1630,451,2,2000,1630,2,9750,75,171,234,5,7,1630,2000,2001
1013,0,2,3,0,5,1013,0,3,0,1526,1,8470,105,0,0,2,3,1013,1915,1982
1040,0,2,4,0,6,0,420,2,1956,1040,3,7200,60,0,0,5,4,0,1949,1950
841,806,4,3,0,5,806,216,2,1920,1647,1,6858,66,0,66,4,6,806,1915,1950
1328,653,4,3,622,1,500,576,2,1981,1981,2,7804,65,0,44,3,4,1122,1928,1950
1644,0,3,3,1285,2,131,418,0,1953,1644,3,9600,80,238,0,5,6,1416,1953,1953
1482,1092,3,3,0,5,1482,868,0,2007,2574,0,9588,69,270,148,5,8,1482,2007,2007
1060,764,0,3,0,5,764,520,2,1940,1824,3,13515,60,0,0,6,6,764,1919,1950
1350,0,3,1,624,2,288,520,1,1964,1350,3,9020,82,259,0,5,6,1248,1964,1964
958,0,2,3,958,3,0,440,1,1976,958,3,4928,69,0,60,6,6,958,1976,1976
1053,795,4,3,0,5,833,370,2,1922,1848,2,13053,64,0,0,7,6,833,1923,2000
1620,0,3,3,1116,1,165,490,2,1993,1620,3,9991,69,0,78,4,4,1281,1976,1993
1167,0,3,3,560,2,598,400,1,1992,1167,2,9248,69,106,26,6,6,1158,1992,1992
798,0,3,3,94,3,641,220,2,1949,1487,3,8741,52,0,140,4,6,735,1945,1950
892,0,3,3,432,1,460,288,1,1967,892,3,7150,65,60,0,5,5,892,1967,1967
804,0,0,3,510,1,278,240,2,1940,804,2,7200,60,294,0,7,5,788,1940,1992
1140,0,3,3,0,5,1140,0,3,0,1140,3,17217,90,0,56,5,5,1140,2006,2006
983,813,4,3,400,1,380,483,1,1963,1796,3,7056,71,415,50,5,6,780,1963,1963
1118,912,4,3,156,3,692,551,0,1976,2030,2,12046,69,298,224,6,6,848,1976,1976
1026,981,3,0,765,2,252,812,3,2008,2007,0,11003,85,160,52,5,10,1017,2008,2008
691,0,2,3,0,5,691,216,2,1920,691,0,5400,60,0,20,6,5,691,1920,1950
786,0,3,3,0,5,768,676,1,2008,1590,2,9000,75,0,30,5,8,768,2008,2008
1216,639,4,3,444,4,550,325,2,1954,1855,3,9525,75,0,0,4,6,994,1954,1972
1028,776,3,3,0,5,994,442,0,1999,1804,2,7500,60,0,60,5,7,994,1999,1999
884,884,0,3,550,2,334,543,3,2003,1768,2,8158,65,252,63,5,7,884,2003,2003
1831,1796,4,1,1387,2,543,807,0,1995,3627,2,35760,118,1378,76,5,10,1930,1995,1996
1298,0,3,3,1258,2,40,403,3,1985,1298,2,11200,69,85,26,5,6,1298,1985,1985
1801,0,1,3,1247,0,254,484,0,1959,1801,3,15602,100,0,54,8,7,1501,1959,1997
630,0,1,0,553,2,77,0,3,0,630,0,1533,21,0,0,7,5,630,1970,1970
1103,0,2,3,397,1,706,440,3,1976,1103,2,6000,50,0,120,6,6,1103,1925,1980
859,319,2,2,0,5,859,384,1,1964,1178,3,8712,66,0,0,7,4,859,1900,1950
1196,0,2,3,197,3,999,440,2,1957,1196,3,4800,40,0,0,7,4,1196,1916,1990
1372,0,3,3,0,5,1372,529,0,2008,1372,2,8640,72,0,140,5,7,1372,2007,2008
1431,0,3,1,371,2,728,296,1,1962,1431,3,9150,101,305,110,5,6,1099,1962,1962
1422,0,3,0,0,5,1422,626,1,2004,1422,2,8500,63,106,60,5,7,1422,2004,2004
1079,874,3,0,985,2,595,501,0,1992,1953,2,53107,69,0,231,5,6,1580,1992,1992
1121,0,2,3,0,5,1121,440,1,2003,1121,3,8546,80,0,64,5,4,1121,2003,2004
1143,1330,4,0,0,5,1143,852,3,2004,2473,2,9591,76,344,151,5,8,1143,2004,2005
1057,0,3,3,417,4,640,576,0,1977,1057,3,7420,70,0,0,5,5,1057,1962,1962
1110,0,0,0,1097,2,0,602,0,1978,1110,2,9101,69,104,30,6,5,1097,1978,1978
1164,1106,4,3,524,2,628,671,0,1999,2270,2,11764,92,348,57,7,8,1152,1999,2007
2018,0,3,1,0,5,2002,746,0,2009,2018,0,13214,89,0,76,5,9,2002,2008,2009
672,714,3,2,438,4,234,440,0,1978,1386,3,11616,69,328,0,5,6,672,1978,1978
1082,871,3,2,0,5,1082,1043,1,2005,1953,2,10574,85,0,50,5,8,1082,2005,2006
1337,0,2,3,733,2,604,462,1,1993,1337,2,5395,41,0,0,5,8,1337,1993,1993
997,1288,4,3,0,5,969,648,0,2000,2285,2,11000,69,72,56,5,8,969,2000,2000
1718,0,3,1,1288,2,417,826,1,2007,1718,2,10637,79,336,44,5,8,1705,2007,2008
1086,0,3,0,516,0,380,484,1,1966,1086,3,13400,85,1047,0,5,5,1024,1966,1966
1555,0,2,3,0,5,1373,660,0,2007,1555,2,3684,53,130,20,5,7,1373,2007,2007
1902,0,3,0,1406,2,496,567,0,1959,1902,0,17500,100,0,207,8,7,1902,1959,2002
1298,1216,4,3,1216,3,0,693,0,1990,2514,3,11170,69,0,0,5,7,1216,1990,1991
1224,0,2,0,1086,2,0,528,2,1979,1224,3,7018,64,275,0,5,5,1086,1979,1979
1054,0,3,3,602,0,14,460,2,1969,1054,3,9750,65,0,0,8,6,1054,1969,1969
1276,1336,4,3,854,2,371,676,0,1998,2612,2,12203,98,975,0,5,8,1225,1998,1999
902,0,3,3,599,2,277,288,2,1967,902,3,6173,69,75,0,6,5,876,1967,1967
1153,0,4,3,692,2,153,484,1,1983,2353,0,13005,94,278,195,7,7,845,1980,1980
689,703,3,3,378,2,311,299,0,1977,1392,3,10900,69,153,36,7,6,689,1977,1977
1155,0,3,0,899,0,210,576,2,1987,1155,2,11782,88,0,0,7,5,1109,1961,1995
1136,768,3,3,180,4,676,240,2,1950,1904,3,7200,60,0,0,4,5,1208,1950,1982
950,208,3,3,0,5,862,208,1,1929,1158,3,6000,50,0,0,7,6,862,1929,1950
751,611,3,2,0,5,611,502,0,1920,1362,3,6155,60,0,0,8,6,611,1920,1999
1005,1286,4,3,0,5,975,429,0,1999,2291,2,8738,66,302,0,5,7,975,1999,1999
649,668,3,3,0,5,649,250,2,1920,1317,3,8500,50,0,54,4,4,649,1920,1950
1734,0,3,3,1004,2,730,928,3,2007,1734,0,12085,93,328,0,5,8,1734,2007,2007
1194,0,3,3,0,5,1194,312,1,1959,1194,3,8760,73,220,0,6,6,1194,1959,1959
876,540,4,2,0,5,876,720,2,1949,1416,3,12665,100,0,0,8,5,876,1915,1950
1383,0,3,2,1064,1,319,354,3,1954,1383,3,13284,69,0,116,5,5,1383,1954,1954
1001,1001,0,3,284,1,717,871,2,1949,2002,3,6270,82,0,0,6,5,1001,1949,1950
1496,0,0,0,0,5,1496,474,3,2007,1496,2,9158,76,140,130,5,8,1496,2007,2007
984,620,3,3,408,6,156,660,2,1977,1604,3,10998,60,0,68,5,5,984,1941,1960
764,0,2,3,0,5,680,504,2,1965,764,3,5232,30,0,0,5,5,680,1925,2004
977,755,3,3,0,6,741,476,0,1985,1732,2,9206,77,336,46,5,6,741,1985,1985
1494,0,3,0,0,5,1494,840,1,2006,1494,2,10652,91,306,33,5,7,1494,2006,2007
986,0,2,3,0,5,960,180,2,1926,986,3,6180,60,0,128,5,6,960,1926,1950
1145,0,2,3,16,2,1129,397,0,2005,1145,2,3182,43,11,16,5,7,1145,2005,2006
742,742,3,3,0,5,742,0,3,0,1484,3,6300,35,0,291,6,6,742,1914,2001
1344,0,3,3,111,2,354,525,1,1958,1344,2,14375,69,541,118,6,6,819,1958,1958
958,581,3,3,0,5,650,686,2,1983,1539,2,10440,60,0,78,8,5,650,1904,2002
1134,1370,4,3,0,5,1122,656,0,2005,2504,0,11198,77,245,39,5,9,1122,2005,2007
747,0,1,2,0,5,600,528,2,1953,747,3,5825,52,108,0,5,4,600,1926,1953
1108,989,0,0,975,2,133,583,1,1998,2097,2,9750,75,0,170,6,7,1108,1998,1998
3138,1538,3,1,2260,2,878,884,0,2007,4676,0,40094,130,762,406,5,10,3138,2007,2008
786,390,2,3,0,5,698,624,2,1999,1176,3,6000,50,0,0,9,6,698,1937,2000
720,0,2,3,495,4,225,0,3,0,720,3,7879,60,0,523,5,4,720,1920,1950
1580,0,3,3,0,5,1580,830,1,2008,1580,2,11932,92,186,24,5,8,1580,2007,2008
1440,0,4,1,1440,6,0,0,3,0,1440,3,7711,42,0,0,3,4,1440,1977,1977
738,0,3,3,193,2,545,540,0,2005,1476,2,8633,64,0,35,5,6,738,2005,2005
1500,0,3,0,20,2,1480,570,1,2004,1500,2,8487,63,210,36,5,7,1500,2004,2004
884,464,3,3,0,6,884,216,2,1960,1348,3,6000,50,0,0,8,5,884,1925,1997
1200,0,1,2,661,2,203,884,2,1977,1200,2,9230,71,166,64,8,5,864,1965,1998
1394,0,3,3,609,1,785,514,1,1963,1394,3,9500,69,247,76,5,6,1394,1963,1963
800,832,4,3,400,2,336,484,2,1966,1632,2,9130,69,252,40,8,6,800,1966,2000
912,0,3,3,842,0,70,336,2,1974,912,3,8521,70,0,0,5,5,912,1967,1967
1370,1254,4,3,1128,1,242,864,2,1918,2624,3,22420,86,0,0,6,6,1370,1918,1950
1696,0,3,3,0,5,1140,349,3,1962,1696,3,13673,40,0,30,5,5,1140,1962,1962
682,548,2,3,0,5,440,440,2,1966,1230,3,10440,60,0,0,6,5,440,1910,1981
1549,1178,3,3,297,4,556,440,2,1932,2727,2,10570,70,0,74,8,8,853,1932,1994
728,728,3,3,0,5,728,429,1,2006,1456,3,15578,105,0,0,5,6,728,2006,2006
864,0,3,3,375,6,250,660,2,1989,864,2,6960,60,0,0,6,4,864,1970,1970
970,739,3,3,0,5,970,380,2,2004,1709,2,2522,24,50,40,5,6,970,2004,2006
810,855,3,3,643,2,167,528,0,2001,1665,2,8400,70,0,45,6,8,810,2001,2001
1372,1274,0,1,987,2,360,656,1,1993,2646,2,9900,90,256,60,5,7,1347,1993,1993
798,0,3,3,0,5,798,595,1,2003,1640,2,7226,72,0,45,5,7,798,2003,2003
1014,685,3,2,440,1,538,420,2,1920,1699,3,10615,107,0,74,5,3,978,1900,1970
1663,0,2,1,1116,1,248,529,3,1954,1663,2,53227,69,0,137,6,4,1364,1954,1994
1728,0,6,3,1332,4,396,504,2,1963,1728,3,9100,70,336,0,5,5,1728,1963,1963
1055,790,0,3,0,5,1055,462,1,1992,1845,2,11218,70,0,104,5,6,1055,1992,1992
1020,831,3,1,536,1,169,440,1,1964,1851,2,9760,80,340,42,8,6,822,1964,1993
1489,0,3,3,0,5,1489,776,1,2006,1489,2,11216,81,0,140,5,8,1489,2006,2006
864,0,2,3,612,4,252,300,2,2008,864,3,9100,70,0,0,6,6,864,1959,1959
1256,0,3,3,830,1,136,276,0,1965,1256,3,9937,75,0,68,6,5,1256,1965,1965
816,0,2,3,816,6,0,816,0,1985,816,3,6600,60,0,0,8,5,816,1982,2003
902,918,4,1,454,0,410,492,2,1965,1820,2,13700,69,288,84,6,7,864,1965,1988
912,1215,4,2,48,1,422,833,1,1991,2127,2,13125,103,0,192,5,7,1104,1991,1991
1065,0,3,3,0,5,1065,461,2,1974,1065,3,8892,80,66,0,5,5,1065,1960,1960
1200,0,4,3,0,5,1200,312,2,1923,1200,3,11340,84,0,0,5,6,1200,1923,1950
1208,0,2,0,686,2,501,632,1,2006,1208,2,6762,64,24,61,5,7,1187,2006,2006
1133,1349,4,1,0,5,1094,642,0,2005,2482,2,12665,88,245,39,5,8,1094,2005,2006
1720,0,3,3,919,2,801,527,0,1996,1720,2,10593,59,338,56,5,7,1720,1996,1996
840,0,3,3,116,3,556,0,3,0,840,3,4388,55,0,0,7,5,672,1930,1950
1294,0,3,3,1200,2,78,496,3,1991,1294,2,7153,69,88,51,5,6,1278,1991,1991
1090,0,2,3,980,0,110,450,0,2005,1090,3,7024,60,0,49,5,5,1090,2005,2006
1165,0,4,3,0,5,1141,420,0,1998,2263,2,12090,93,650,123,5,8,1141,1998,1998
969,0,3,0,716,1,253,440,2,1975,969,3,10356,120,0,0,6,5,969,1975,1975
894,0,2,3,0,5,894,1248,1,1994,894,3,18000,120,0,20,4,3,894,1935,1950
1028,0,2,3,0,5,1008,360,2,1927,1028,3,8960,56,0,0,6,5,1008,1927,1950
979,979,4,3,484,4,495,492,2,1946,1958,3,7136,82,423,0,6,6,979,1946,1950
1795,0,2,0,0,5,1795,895,1,2007,1795,2,9986,75,428,49,5,8,1795,2006,2007
1940,0,3,0,1646,2,284,606,0,2010,1940,0,10159,83,450,95,5,9,1930,2009,2010
1178,0,3,3,1084,1,92,439,2,1973,1178,2,10000,80,0,0,6,5,1176,1973,2000
810,672,0,3,156,1,516,400,2,1934,1482,1,12155,69,0,0,8,6,672,1925,1950
1428,0,3,3,0,6,1417,554,1,2008,1428,0,12274,91,256,60,5,7,1417,2008,2008
864,0,0,0,460,1,404,338,2,1972,864,3,15523,36,0,0,6,5,864,1972,1972
616,495,3,2,236,3,0,200,2,1941,1111,3,9084,60,0,0,6,5,616,1941,1950
680,790,3,3,310,6,370,420,0,1993,1470,3,9765,69,68,63,8,6,680,1993,1993
1116,0,3,3,0,5,1116,440,2,1962,1116,3,10000,87,261,0,6,6,1116,1962,1962
864,0,2,3,414,6,450,288,2,1959,864,2,7332,60,207,0,6,6,864,1959,1959
1297,0,0,3,1213,4,84,498,0,1954,1297,3,8532,74,650,0,6,5,1297,1954,1990
1113,0,3,3,607,0,506,264,2,1950,1113,2,9600,80,0,80,7,5,1113,1950,2007
1501,0,3,1,679,2,811,577,1,1999,1501,2,10335,78,183,29,5,7,1490,1999,1999
764,783,3,2,24,2,732,614,2,2009,1547,2,8640,72,0,45,5,7,756,2009,2009
991,956,3,3,222,2,769,678,1,2004,1947,2,12552,100,0,136,5,7,991,2004,2005
1717,0,3,0,0,5,1709,908,1,2006,1717,2,11146,87,250,39,5,8,1709,2006,2006
1052,0,3,0,504,6,506,440,2,1971,1052,3,8816,80,80,0,7,6,1010,1971,1971
1127,886,3,0,862,6,255,455,2,1997,2013,3,9920,92,0,130,5,7,1117,1996,1997
1266,0,2,0,0,5,1266,388,0,2007,1266,2,3182,43,16,16,5,7,1266,2007,2007
1992,876,4,0,240,2,1752,716,0,2005,2868,0,16056,85,208,108,5,9,1992,2005,2006
980,1276,4,3,300,2,652,554,0,2000,2256,2,8795,69,0,54,5,7,952,2000,2000
1414,0,3,0,24,2,1390,494,1,2004,1414,2,8773,65,98,105,5,7,1414,2004,2004
936,785,3,3,814,2,114,471,3,1994,1721,2,8462,70,105,87,5,6,928,1994,1994
811,741,3,3,550,0,163,434,1,1975,1552,3,11475,85,0,208,6,6,713,1975,1975
698,430,2,3,0,5,698,528,1,1980,1128,3,7500,60,0,0,4,4,698,1920,1950
1118,0,3,0,522,0,574,358,0,1977,1118,3,9880,76,0,0,6,6,1096,1977,1977
1728,0,4,1,936,4,396,574,2,1976,1728,3,12640,55,0,0,5,6,1728,1976,1976
1686,762,4,3,1361,2,88,711,1,1994,2448,2,46589,52,528,76,7,8,1629,1994,2005
1473,0,1,1,1324,2,113,452,2,1968,1473,0,25095,65,0,48,8,5,1437,1968,2003
1187,530,3,2,902,3,254,400,1,1990,1717,2,13758,44,117,36,5,7,1156,1990,1991
1166,0,2,1,655,2,201,400,0,2005,1166,2,9587,59,182,0,5,7,856,2005,2005
1370,0,2,2,24,2,1346,484,1,2006,1370,2,6442,44,178,49,5,8,1370,2006,2006
1724,0,3,0,528,0,1152,480,1,1967,1724,3,17871,69,359,0,5,6,1680,1967,1976
970,739,0,3,0,5,970,380,2,2004,1709,2,2522,24,50,40,5,7,970,2004,2004
483,0,2,3,358,0,125,264,2,1971,987,3,1680,21,604,0,3,6,483,1971,1971
901,901,4,3,352,3,441,216,2,1920,1802,3,7588,54,0,0,6,7,793,1920,1950
1170,1175,4,3,503,4,449,360,2,1932,2345,3,16560,80,0,0,8,6,952,1932,1950
1068,0,3,3,663,2,396,264,1,1963,1068,3,8414,70,0,0,8,6,1059,1963,2003
1617,0,2,3,165,3,598,533,3,1993,1617,2,8012,50,0,69,5,6,1604,1993,1994
1244,0,3,3,777,4,467,336,2,1957,1244,3,11988,90,0,40,6,6,1244,1957,1957
1180,0,2,3,0,5,700,252,2,1922,1180,1,11600,80,0,0,5,4,700,1922,1950
520,623,2,3,0,5,600,480,1,2005,1223,2,2544,24,0,166,5,7,600,2005,2005
1686,0,3,3,625,1,0,612,2,1980,1686,3,10240,79,157,131,6,6,1686,1980,1980
1646,0,3,1,1513,2,125,800,1,2008,1646,2,9520,71,338,44,5,8,1638,2007,2008
1144,0,3,3,594,1,270,264,1,1961,1144,3,10000,80,0,0,6,5,864,1961,1983
939,858,3,0,0,5,939,639,3,2006,1797,2,9245,79,0,53,5,7,939,2006,2006
1224,0,2,4,0,6,0,462,2,1962,1224,3,9842,70,0,0,5,4,0,1962,1962
992,873,3,3,735,2,257,839,3,2000,1865,2,10316,69,0,184,5,7,992,2000,2000
1056,0,3,3,846,4,210,308,1,1958,1056,3,8176,70,0,0,6,5,1056,1958,1992
1966,1174,4,3,0,5,1926,820,0,2009,3140,0,13518,104,860,78,5,9,1926,2008,2009
1212,0,3,0,506,0,0,492,2,1978,1212,3,8471,88,46,12,7,6,506,1977,1995
1694,0,3,0,1369,2,317,636,1,2004,1694,2,10084,75,186,57,5,8,1686,2004,2005
802,709,3,0,714,2,88,413,0,1997,1511,3,11207,70,0,75,5,6,802,1997,1997
1057,0,3,3,731,2,326,246,2,1953,1057,2,7922,68,0,52,7,5,1057,1953,2007
1246,1044,4,3,0,5,777,560,2,1971,2290,3,11340,60,0,0,6,4,777,1885,1950
1377,806,4,3,1002,2,0,786,2,1988,2183,2,13837,69,178,0,5,7,1204,1988,1988
1699,1523,5,2,1470,2,203,594,2,1990,3222,2,12376,90,0,0,5,7,1673,1990,1990
909,807,2,3,0,5,880,512,1,1996,1716,2,8750,70,0,120,5,7,880,1996,1996
1342,0,3,3,251,4,491,457,2,1967,1342,3,9790,69,0,0,5,6,1372,1967,1967
1504,0,2,3,16,2,1330,437,0,2005,1504,2,3182,43,14,20,5,7,1346,2005,2006
1053,0,3,3,0,5,1053,648,1,2003,1992,2,9375,75,768,45,5,8,1053,2003,2004
624,628,2,3,510,1,90,462,3,1999,1252,2,2160,24,212,48,5,7,600,1999,2000
999,0,3,3,588,0,411,264,2,1963,999,2,7758,69,0,132,7,5,999,1962,2001
741,622,3,3,0,6,622,528,2,1966,1363,3,7740,60,0,0,7,4,622,1910,1950
1165,0,3,1,312,4,276,490,1,1966,1165,3,9020,82,183,129,7,6,1127,1966,1966
1668,0,3,0,1059,2,567,702,3,2002,1668,2,11248,90,215,45,5,9,1626,2002,2002
1158,1218,4,0,0,5,1158,853,1,2005,2376,2,14215,101,380,154,5,8,1158,2005,2006
889,551,3,3,0,5,540,352,2,1940,1440,3,5000,63,0,0,4,5,540,1900,1950
794,676,0,0,182,2,612,388,0,1997,1470,3,13869,69,0,75,6,6,794,1997,1997
1541,0,3,2,1201,6,340,532,3,2005,1541,2,12182,95,226,70,5,7,1541,2005,2005
1440,0,4,3,133,0,1307,0,3,0,1440,1,12108,92,270,0,4,4,1440,1955,1955
1146,0,3,0,786,2,82,438,3,2003,1146,2,9590,73,442,22,5,7,868,2003,2003
1494,0,0,0,437,3,0,481,0,1995,1494,0,9549,30,0,30,5,8,1494,1995,1996
1462,0,4,3,1170,2,292,738,0,2004,2224,0,8834,74,216,0,5,9,1462,2004,2005
820,523,3,3,0,5,731,186,2,1921,1343,3,7681,54,0,0,6,5,731,1921,1950
1210,1242,4,3,281,6,747,683,0,1998,2452,2,16226,66,0,50,5,8,1028,1998,1999
1127,850,4,3,442,4,374,540,1,1964,1977,3,9500,100,272,52,6,6,816,1964,1978
1064,703,2,3,495,2,354,504,1,1987,1767,2,5306,44,0,35,7,7,1064,1987,1987
1324,0,2,3,863,2,461,550,0,2006,1324,2,6240,48,176,38,5,8,1324,2006,2006
912,546,3,3,0,5,912,330,2,1948,1458,3,17503,78,0,0,5,6,912,1948,1950
1314,0,3,3,24,2,1290,440,1,2006,1314,2,9317,78,0,22,5,6,1314,2006,2006
1575,0,0,3,430,2,1145,529,1,1992,1575,2,8012,50,0,0,5,6,1575,1992,1992
1620,0,2,1,1022,2,598,912,0,2008,1620,0,12898,89,70,0,5,9,1620,2007,2008
1104,684,5,0,0,5,1104,304,2,1957,1788,3,11250,69,0,0,5,4,1104,1957,1989
913,0,3,1,187,3,0,240,2,1990,913,3,8400,70,0,0,5,6,814,1966,1966
2073,0,0,3,790,0,589,500,2,1978,2073,3,13175,85,119,0,6,6,1542,1978,1988
764,677,2,3,0,5,776,492,2,1999,1441,2,2645,24,456,0,5,8,776,1999,2000
815,875,3,3,0,5,815,225,3,1916,1690,3,8850,65,0,0,6,7,815,1916,1950
1437,0,3,3,988,4,200,576,2,1999,1437,3,14175,69,0,0,6,5,1188,1956,1987
2156,0,3,3,297,1,1203,508,1,1968,2156,3,20781,69,0,80,7,7,1568,1968,2003
864,0,2,3,468,4,396,0,3,0,864,3,5604,67,0,0,6,5,864,1925,1950
536,576,3,3,129,4,175,336,2,1976,1112,3,2592,36,0,0,3,5,536,1976,1976
1122,1121,4,3,700,0,0,746,1,1990,2243,2,13474,116,246,44,5,7,700,1990,1991
810,518,3,3,0,5,686,210,2,1940,1328,3,9906,57,0,172,4,4,686,1925,1950
968,0,4,3,0,5,656,216,2,1928,968,3,10800,60,0,0,6,4,656,1927,2007
698,698,3,3,0,5,698,384,2,2003,1396,3,8730,60,0,0,7,6,698,1915,2003
1856,0,1,0,1445,2,411,834,0,2010,1856,0,11394,88,350,0,2,9,1856,2010,2010
1610,551,3,3,1288,2,294,789,0,2007,2161,0,10562,86,300,120,5,8,1582,2007,2007
1602,0,3,3,1246,0,356,529,0,1977,1602,2,16635,69,126,0,7,6,1602,1977,2000
630,672,3,3,0,5,630,280,2,1991,1302,3,1680,21,142,0,5,5,630,1971,1971
807,702,3,3,457,2,326,393,0,2002,1509,2,7861,69,0,75,5,6,783,2002,2003
912,0,2,3,737,0,175,352,3,1962,912,3,12968,69,0,0,6,5,912,1962,1962
1004,0,3,3,399,0,605,420,3,1950,1664,3,5000,50,0,24,7,6,1004,1947,1950
1390,304,4,3,423,4,758,576,2,1925,1694,3,8400,60,0,0,5,6,1181,1925,1950
747,0,2,3,0,5,747,220,2,1945,747,3,4608,47,0,0,6,4,747,1945,1950
1040,0,2,4,0,6,0,420,2,1950,1040,3,7200,60,0,29,5,4,0,1950,1950
831,829,3,3,0,5,831,493,1,2002,1660,2,8935,68,95,68,5,7,831,2002,2002
1026,665,3,3,218,3,808,308,2,1924,1691,2,5000,50,0,0,6,5,1026,1924,1950
864,0,3,3,398,0,317,720,1,1980,864,2,7200,60,0,0,8,5,864,1950,2002
752,0,2,3,623,0,0,264,2,1984,752,3,7175,50,0,0,5,6,744,1984,1984
963,829,3,3,361,2,602,564,1,2001,1792,2,12435,80,172,96,5,7,963,2001,2001
764,862,2,3,0,5,764,474,1,2003,1626,2,2628,36,106,27,5,7,764,2003,2003
1484,0,0,0,428,2,1048,472,1,2006,1484,0,9037,64,32,33,5,8,1476,2006,2006
1675,1818,3,3,0,5,1470,870,2,2003,3493,2,18386,87,0,0,9,7,1470,1880,2002
1652,0,2,3,1572,2,80,840,0,2006,1652,0,13173,108,300,102,5,9,1652,2006,2007
1276,0,0,3,0,5,1276,350,2,1958,1276,3,9571,68,0,0,3,5,1276,1958,1958
1112,0,3,3,120,1,736,271,2,1950,1668,3,9600,80,0,0,8,6,856,1950,2005
720,472,4,3,0,5,720,0,3,0,1192,3,10800,60,0,0,4,4,720,1949,1950
884,0,2,0,747,0,0,504,1,1983,884,2,9180,69,0,0,7,5,840,1983,1983
1180,0,3,1,1065,2,92,454,3,1988,2062,3,14364,69,128,55,5,7,1157,1988,1989
827,0,2,4,0,6,0,392,3,1967,827,3,7200,60,0,0,7,5,0,1955,2007
1136,883,3,3,0,5,728,532,2,1997,2019,2,11414,60,0,135,8,7,728,1910,1993
616,688,3,2,0,5,264,336,0,1976,1304,3,2665,69,0,24,6,5,264,1976,1976
684,684,3,3,0,5,684,216,2,1930,1368,3,3600,60,0,158,7,6,684,1910,1993
840,765,3,3,0,5,840,379,2,1915,1605,3,5790,60,0,0,6,3,840,1915,1950
2020,0,3,3,1436,2,570,900,0,2009,2020,0,12220,94,305,54,5,10,2006,2009,2009
625,625,2,3,0,5,625,528,1,2006,1250,2,4251,35,0,54,5,7,625,2006,2007
1624,0,2,3,1456,2,168,757,1,1994,1624,2,12461,89,0,114,5,8,1624,1994,1995
845,0,2,3,565,0,280,360,2,1987,845,3,7599,69,0,0,6,4,845,1982,2006
1389,0,2,0,1071,0,195,418,1,1975,1389,3,10010,77,0,38,5,5,1389,1974,1975
968,0,2,3,0,5,968,480,2,1935,968,3,8520,60,0,0,6,5,968,1923,2006
546,546,3,3,0,5,546,286,2,1970,1092,3,2001,21,80,0,5,4,546,1970,1970
848,0,1,0,685,2,163,420,0,2003,848,2,4435,69,170,0,5,6,848,2003,2004
1269,0,3,3,374,1,363,308,2,1964,1269,3,7931,70,0,0,6,5,1269,1960,1960
1092,0,3,3,170,3,252,288,2,1962,1092,3,11616,69,116,20,5,5,1092,1962,1962
1468,795,3,3,795,0,0,539,0,1977,2263,2,16659,69,34,250,7,7,795,1977,1994
952,0,2,3,228,0,724,283,2,1956,952,3,8475,69,0,0,7,4,952,1956,1956
736,716,2,3,0,5,736,0,3,0,1452,3,4456,33,0,0,5,4,736,1920,2008
1039,0,3,2,841,1,198,504,2,1965,1039,3,11625,75,0,0,4,5,1039,1965,1965
1204,0,2,3,866,2,338,412,3,1998,1204,3,4500,32,320,247,5,6,1204,1998,1998
1117,0,3,0,422,0,480,672,3,1976,1117,3,7819,94,0,0,5,6,1029,1976,1976
2196,0,0,2,485,0,1496,701,1,1990,2196,2,14684,90,234,70,7,7,2158,1990,1991
985,0,3,0,595,2,390,328,2,1977,985,3,8385,65,220,0,8,5,985,1977,1977
1629,0,3,3,1124,2,1603,880,3,2003,1629,2,10655,85,296,0,5,8,3206,2003,2004
877,600,3,3,0,5,861,216,2,1928,1477,3,6292,52,0,50,7,7,861,1928,1950
980,0,3,3,560,1,420,484,2,1986,980,3,7064,71,153,0,6,5,980,1977,1977
1166,1129,4,3,728,2,367,590,1,1992,2295,2,13346,69,0,40,5,7,1095,1992,2000
900,602,3,3,0,5,602,180,2,1923,1502,2,10592,55,0,0,7,6,602,1923,1996
1575,626,4,0,0,6,697,432,2,1966,2201,2,19690,69,0,236,7,6,697,1966,1966
1050,1028,3,3,789,2,245,836,0,2008,2078,0,10800,85,100,102,5,8,1034,2007,2008
800,0,1,3,0,5,264,0,3,0,800,1,6120,51,0,0,3,2,264,1936,1950
1578,0,3,3,0,5,1573,840,3,2008,1578,0,9262,78,194,36,5,8,1573,2008,2009
1932,0,2,0,1336,2,596,774,0,2008,1932,0,12444,96,426,66,5,8,1932,2008,2008
1507,0,4,3,666,0,409,404,2,1960,1507,3,7910,70,0,0,5,5,1075,1960,1960
900,0,3,3,450,1,432,280,2,1970,900,3,9819,69,31,0,5,5,882,1967,1967
1718,0,3,1,1172,2,528,786,0,2008,1718,0,12456,96,230,48,5,10,1700,2006,2007
1089,661,3,3,0,5,636,240,2,1937,1750,0,9000,50,0,0,6,5,636,1880,1991
1383,1015,3,3,719,6,660,834,0,1996,2398,2,11787,95,594,60,5,7,1379,1996,1997
774,1194,4,3,0,6,774,680,0,2009,1968,0,12003,92,84,75,5,8,774,2009,2010
1536,0,3,0,810,2,726,532,1,2002,1536,2,9135,70,113,74,5,7,1536,2002,2003
864,0,2,3,203,4,661,200,2,1938,864,3,8212,45,0,0,3,3,864,1914,1950
3228,0,0,3,1231,2,1969,546,3,1992,3228,2,12692,69,0,75,5,8,3200,1992,1993
1518,631,1,3,1351,2,83,670,1,2003,2149,2,12822,48,0,43,5,7,1434,2003,2003
1320,1320,4,3,0,5,1240,864,2,1950,2640,2,11700,65,0,0,7,7,1240,1880,2003
1682,0,3,3,0,5,1304,530,2,1970,1682,3,10400,80,288,0,6,7,1304,1970,1970
1038,1060,0,2,0,5,1030,878,1,2005,2098,0,10240,80,178,52,5,8,1030,2005,2005
864,0,3,3,553,4,0,360,2,1965,864,3,8281,60,0,0,5,5,864,1965,1965
1168,800,0,0,562,6,29,530,1,1969,1968,3,11075,69,232,189,4,5,784,1969,1969
1097,0,3,3,338,2,702,480,2,1986,1097,3,9672,81,0,0,5,6,1040,1984,1985
684,512,3,2,0,5,684,528,2,2005,1196,2,12354,67,0,46,8,6,684,1920,2000
1252,668,4,3,57,0,554,451,2,1958,1920,2,13650,69,0,0,5,5,1052,1958,1958
1728,0,6,3,231,3,1497,576,2,1987,1728,3,13101,74,108,0,5,5,1728,1965,1965
1128,903,3,3,804,2,324,577,3,2002,2031,2,9473,75,0,211,5,8,1128,2002,2002
1196,0,2,3,616,3,580,297,1,1956,1196,3,9000,72,74,44,5,6,1196,1956,1956
803,0,2,0,116,1,604,360,2,1941,803,3,5000,50,0,0,6,5,720,1941,1950
780,840,4,3,493,4,0,462,0,1969,1620,3,10793,80,263,0,5,5,780,1969,1969
2097,0,1,2,1721,6,356,1134,0,2005,2097,0,20896,49,0,267,5,8,2077,2005,2006
1869,0,2,3,0,5,1869,617,1,2007,1869,0,7820,68,362,54,5,9,1869,2007,2007
956,930,0,3,0,5,930,431,0,1998,1886,2,11214,69,0,0,5,7,930,1998,1999
480,0,0,0,50,1,430,308,3,1958,480,3,9000,50,0,0,3,2,480,1949,1950
1296,0,2,4,0,6,0,516,2,1967,1296,3,10791,72,0,0,5,4,0,1967,1967
816,0,2,2,690,0,126,288,2,1958,816,3,8877,67,0,0,6,4,816,1938,1958
1601,0,3,3,704,0,567,478,1,1978,1601,3,11880,82,206,0,5,7,1271,1978,1978
962,830,3,3,0,5,936,451,0,2000,1792,3,10261,93,318,0,5,6,936,2000,2000
1352,1168,5,3,1012,2,326,796,1,1993,2520,2,14541,69,0,55,7,8,1338,1993,1993
1144,0,3,0,748,6,102,796,1,1959,1144,3,8163,70,128,0,6,5,1144,1959,1959
990,1611,4,3,0,5,612,621,1,1998,2601,3,9842,51,0,0,6,5,612,1921,1998
972,605,3,3,0,5,972,312,2,1939,1577,1,6435,65,0,0,5,6,972,1939,1950
970,0,2,3,630,2,340,624,2,1996,970,3,8480,80,0,24,6,5,970,1963,1963
2036,0,3,1,1236,0,80,513,1,1965,2036,3,215245,150,0,0,5,7,2136,1965,1965
1026,0,3,3,439,2,115,440,1,1969,1026,2,7930,61,0,48,8,6,1026,1969,2005
698,0,2,3,0,5,698,0,3,0,698,3,9405,50,0,200,9,5,698,1947,2008
1533,0,2,1,655,0,878,576,2,1975,1533,2,70761,62,0,54,5,7,1533,1975,1975
854,0,2,3,360,4,360,660,3,1991,1382,3,12358,69,0,0,6,5,720,1941,1950
1391,0,2,2,16,6,1375,530,3,2004,1391,2,4282,59,0,158,5,7,1391,2004,2004
1078,0,2,2,49,6,0,240,2,1950,1078,2,9717,68,0,0,6,5,1078,1950,1996
1296,0,2,3,1005,2,262,471,0,2001,1296,2,6853,69,136,25,5,8,1267,2001,2002
1442,0,4,3,608,4,834,301,1,1958,1442,3,9750,75,243,0,6,6,1442,1958,1958
1024,940,4,0,0,5,940,0,3,0,1964,3,8525,55,0,192,6,5,940,1911,1950
1502,0,3,3,0,5,1502,644,1,2009,1502,2,9541,79,268,114,5,7,1502,2009,2009
1392,0,3,3,1040,4,352,458,1,1957,1392,3,11900,80,387,0,5,6,1392,1957,1957
1768,0,4,3,0,5,1768,0,3,0,1768,3,10778,72,0,0,5,4,1768,1968,1968
1582,0,4,0,812,4,812,390,2,1964,1582,3,36500,69,621,198,5,5,1624,1964,1964
958,0,2,2,498,1,460,301,1,1960,958,3,12772,69,0,0,8,6,958,1960,1998
894,0,2,0,777,4,117,600,1,1985,894,3,7200,60,0,0,5,5,894,1972,1972
1224,0,2,3,883,2,341,402,0,1999,1224,3,4500,69,425,304,5,6,1224,1999,1999
1742,590,3,0,1280,2,402,846,0,2008,2332,0,12474,96,272,134,5,10,1682,2007,2008
1269,0,2,3,24,2,1232,430,0,2004,1269,2,3182,43,16,20,5,8,1256,2004,2005
1776,0,3,1,80,2,1652,712,0,2006,1776,2,15306,93,100,0,5,8,1732,2006,2007
728,728,3,3,0,5,728,390,0,2005,1456,2,8461,65,0,24,5,6,728,2005,2006
1194,0,3,2,655,0,0,539,0,1954,1194,3,8910,79,0,0,6,6,655,1959,1959
1008,0,2,3,643,1,365,240,2,1953,1008,2,8923,66,0,18,7,5,1008,1953,2006
1555,0,2,0,16,2,1357,430,0,2005,1555,2,3182,43,16,20,5,7,1373,2005,2006
892,892,4,2,0,5,747,180,2,1914,1784,3,13132,96,0,40,5,5,747,1914,1950
1108,0,3,3,0,5,637,280,2,1930,1108,2,7449,57,0,0,7,7,637,1930,1950
754,640,3,3,0,6,384,400,0,2007,1394,2,9735,73,0,0,5,5,384,2006,2007
980,734,0,3,394,6,586,496,2,1988,1714,3,10421,80,42,66,5,7,980,1988,1988
882,0,3,4,0,6,0,294,1,1959,882,3,8339,69,0,0,7,5,0,1959,1959
1306,0,3,3,0,5,728,0,3,0,1306,1,5350,55,0,0,2,3,728,1940,1966
626,591,3,3,0,6,626,288,1,1980,1217,3,10762,75,0,28,6,6,626,1980,1980
990,0,3,3,495,2,495,299,2,1996,990,3,8775,65,0,64,5,5,990,1994,1994
1132,1320,4,0,0,5,1117,691,3,2004,2452,2,13418,108,132,32,5,8,1117,2004,2005
848,0,1,0,685,2,163,420,3,2003,848,2,4435,69,170,0,5,6,848,2003,2003
697,672,3,3,551,1,121,300,3,1930,1369,3,6629,54,0,0,6,6,672,1925,1950
1218,0,2,3,27,2,1191,676,0,2009,1218,2,7862,75,0,102,5,6,1218,2009,2009
1423,748,3,3,0,5,588,672,0,1993,2555,3,11526,79,0,0,7,6,588,1922,1994
1247,0,1,3,1039,2,208,550,0,2005,1247,2,3316,37,0,84,5,8,1247,2005,2005
1542,1330,4,3,896,0,434,619,0,1977,2872,3,12227,69,424,282,7,6,1330,1977,1995
1652,0,2,1,1480,2,120,482,3,2008,1652,2,5587,64,186,53,5,8,1600,2008,2008
1844,0,3,3,705,1,1139,546,1,1977,1844,3,11751,105,480,122,6,6,1844,1977,1977
1113,858,3,2,341,2,772,689,1,2005,1971,2,9675,75,0,48,5,7,1113,2005,2005
1007,793,3,3,0,5,982,463,0,2000,1800,3,8123,60,16,63,5,6,982,2000,2000
1062,887,3,3,750,2,300,574,0,1993,1949,2,9938,80,246,90,5,7,1050,1993,1994
630,0,1,0,150,3,0,0,3,0,630,3,1491,21,0,24,6,4,630,1972,1972
1494,0,0,2,922,2,572,530,1,2002,1494,2,12803,88,99,36,5,7,1494,2002,2002
600,0,0,3,0,5,600,0,3,0,968,3,5925,50,0,0,6,3,600,1910,1950
1274,0,3,3,925,2,349,508,3,2005,1274,2,8814,68,80,98,5,7,1274,2005,2007
1520,0,3,0,674,1,350,364,1,1955,1520,3,9600,80,164,0,6,6,1156,1955,1972
1285,0,3,3,0,5,660,528,1,1977,1285,3,8197,71,148,0,5,6,660,1977,1977
807,702,3,3,0,5,783,393,0,2003,1509,2,7875,63,0,75,5,7,783,2003,2003
1142,793,3,3,0,5,793,550,1,1976,1935,3,12384,69,233,113,7,7,793,1976,1976
816,0,3,0,816,2,0,0,3,0,816,3,11841,81,104,32,5,6,816,1990,1990
1200,0,2,3,833,6,343,555,1,2003,1200,2,10083,67,0,41,5,7,1176,2003,2003
997,0,4,3,0,5,941,548,2,1958,1470,3,8172,60,0,0,6,4,941,1954,1972
1656,0,3,1,639,1,441,528,0,1960,1656,3,31770,141,112,62,5,6,1080,1960,1960
792,0,2,3,0,5,768,240,2,1924,792,2,9022,52,0,0,8,5,768,1924,2006
1694,0,3,3,0,5,1694,818,0,2007,1694,2,12030,93,254,228,5,8,1694,2007,2007
1800,0,3,1,1274,2,526,765,0,2002,1800,2,14331,85,630,78,5,8,1800,2002,2002
1422,915,5,3,0,5,662,560,2,1945,2337,3,13600,85,0,57,5,5,662,1900,1950
1168,678,3,2,196,4,844,315,2,1949,1846,3,10496,78,320,0,6,6,1040,1949,1950
1026,0,3,1,505,2,0,576,2,1981,1026,3,10970,69,0,0,6,6,940,1978,1978
904,0,3,3,0,5,876,408,2,1966,904,3,7162,69,41,0,7,5,876,1966,1966
1126,0,3,3,936,0,190,484,1,1977,1126,3,17400,80,0,41,5,5,1126,1977,1977
1136,1332,4,0,970,2,166,872,3,2004,2468,2,12099,99,388,154,5,8,1136,2004,2004
988,0,1,1,938,0,0,540,2,1969,988,3,21453,69,0,130,5,6,938,1969,1969
1052,0,3,0,1016,6,36,288,1,1968,1052,3,8400,70,168,0,5,5,1052,1968,1968
572,524,2,3,0,5,572,0,3,0,1096,3,9600,60,0,8,5,6,572,1924,1950
1141,0,3,3,0,5,1141,484,2,2005,1141,3,13072,63,0,0,5,6,1141,2005,2005
1012,778,4,3,247,4,485,484,1,1972,1790,3,10400,80,288,0,5,6,732,1972,1972
1004,848,3,2,668,2,336,660,0,1999,1852,2,9066,73,320,106,5,8,1004,1999,2000
520,0,2,0,490,2,30,0,3,0,754,3,6780,60,0,0,8,6,520,1935,1982
624,720,4,3,0,5,624,513,2,1916,1344,3,4571,34,0,0,5,5,624,1916,1950
2207,0,3,1,912,2,1035,576,1,1970,2207,3,19900,69,287,0,5,7,1947,1970,1989
1307,1051,5,3,0,5,907,360,3,1908,2358,3,45600,75,0,40,8,6,907,1908,1997
1175,1540,4,3,575,2,487,831,0,1994,2715,2,8963,69,289,204,9,8,1142,1976,1996
1364,0,2,0,659,2,705,484,1,2005,1364,2,7052,43,240,36,5,7,1364,2005,2005
1253,0,3,3,0,5,1237,402,0,1995,1253,3,7875,63,38,21,5,7,1237,1995,1996
1328,0,3,3,569,0,678,528,2,1963,1328,3,9790,69,451,26,5,6,1328,1963,1963
1422,0,3,3,0,5,978,286,1,1960,1422,3,12342,69,0,0,5,5,978,1960,1978
1186,800,3,3,454,1,314,486,2,1965,1986,3,13600,85,176,42,6,7,768,1965,1990
952,0,2,3,0,5,952,192,2,1916,952,1,8854,69,0,98,6,6,952,1916,1950
1660,0,3,2,1220,2,440,500,1,2006,1660,2,10182,85,420,50,5,8,1660,2006,2006
2234,0,1,3,1904,2,312,1166,0,2009,2234,0,17423,63,748,60,5,9,2216,2008,2009
790,0,2,2,384,6,384,160,2,1925,790,3,6292,52,0,141,5,6,768,1930,1950
1340,0,3,0,24,2,1316,396,0,2007,1340,2,8899,73,0,30,5,7,1340,2007,2007
1610,0,3,2,1200,0,410,480,1,1977,1610,2,10603,69,28,68,7,6,1610,1977,2001
1361,1259,4,3,498,2,652,600,1,1977,2620,3,18890,69,1,24,5,5,1361,1977,1977
1248,0,2,0,16,2,1232,438,0,2005,1248,2,3010,43,16,0,5,7,1248,2005,2006
912,0,3,2,832,2,80,288,3,1962,912,2,6768,65,0,0,8,6,912,1961,1996
943,0,3,1,828,2,115,472,0,1998,1638,3,9042,59,0,38,5,6,943,1998,1998
1622,0,3,0,1159,1,90,1356,0,1975,1622,3,32463,69,149,0,4,4,1249,1961,1975
1436,884,3,3,774,0,104,180,2,1945,2320,2,7259,61,0,0,8,6,1028,1945,2002
1144,0,3,3,572,4,572,456,2,1961,1144,3,7875,75,136,0,6,5,1144,1961,1961
848,672,3,3,182,4,611,281,2,1968,1520,3,4500,55,0,0,5,5,793,1932,2000
1516,0,3,3,196,4,975,472,1,1964,1516,3,10004,100,180,0,6,6,1516,1964,1964
1498,0,2,2,0,5,1498,675,3,2006,1498,2,8990,73,0,33,5,7,1498,2006,2006
804,1157,3,3,690,0,114,560,0,2001,1961,2,12209,71,0,192,5,6,804,2001,2002
728,728,3,3,0,5,728,440,0,2006,1456,2,11103,85,0,0,5,7,728,2006,2006
1207,1196,0,2,0,5,1032,349,2,1940,2403,3,24090,69,0,0,7,7,1032,1940,1950
1944,0,3,1,1274,6,622,708,0,2003,1944,0,12378,90,0,175,5,9,1896,2003,2004
1368,0,2,3,0,5,1368,474,1,2005,1368,2,6955,48,94,35,5,7,1368,2005,2006
882,908,3,3,633,2,240,588,1,1999,1790,2,9179,68,158,88,5,7,873,1999,1999
1476,1237,3,0,1330,2,122,858,0,2008,2713,0,14948,67,268,66,5,9,1452,2008,2008
720,551,0,3,0,5,720,312,3,1948,1271,3,21286,115,0,0,5,5,720,1948,1950
1872,0,3,0,929,2,916,604,3,1988,1872,3,10400,80,102,39,5,7,1845,1988,1988
1190,900,3,2,828,2,180,577,0,1984,2090,2,5062,69,0,0,5,7,1190,1984,1984
882,914,3,2,706,2,88,546,1,1998,1796,3,9531,69,0,36,5,6,794,1998,1998
1302,0,3,0,0,5,1302,436,0,2007,1302,2,8993,73,0,22,5,7,1302,2007,2007
2524,0,4,3,1104,0,1420,542,0,1981,2524,2,9600,80,0,120,5,8,2524,1981,1981
840,534,2,3,315,0,420,338,0,1967,1374,3,5400,90,0,0,6,4,840,1920,1950
764,862,2,3,567,2,197,474,1,2003,1626,2,2268,36,106,27,5,7,764,2003,2004
735,299,2,3,0,6,735,240,2,1940,1034,3,10134,60,0,39,6,5,735,1940,1950
1518,0,1,1,1218,2,300,588,1,2003,1518,0,12677,62,472,140,5,8,1518,2003,2004
1226,592,4,3,224,3,816,240,3,1951,1818,3,7758,69,600,0,4,7,1040,1931,1950
1661,0,3,3,0,5,1649,598,1,1998,1661,2,12137,48,442,34,5,7,1649,1998,1998
1096,895,3,2,297,4,0,432,2,1977,1991,3,11275,69,480,0,7,6,854,1932,1950
832,650,3,3,624,0,26,324,2,1930,1482,3,9000,50,0,0,9,7,650,1920,1988
1742,0,2,1,1148,2,594,564,1,1985,1742,2,6563,69,0,28,5,8,1742,1985,1985
686,564,3,3,0,5,686,280,3,1955,1250,1,8248,45,0,0,7,5,686,1918,1950
816,0,3,3,0,5,816,528,2,1985,1176,3,6240,52,0,0,6,6,816,1934,1950
927,988,3,2,789,2,119,506,0,1992,1915,2,10041,80,0,150,5,8,908,1992,1992
1192,403,2,3,388,3,552,240,2,1940,1595,3,8400,60,0,0,5,6,940,1940,2000
1661,0,3,0,831,1,161,377,1,1955,1661,2,9600,80,0,28,6,6,992,1955,1996
832,1103,3,3,544,2,288,552,0,2009,1935,3,8004,75,110,150,5,8,832,2009,2009
1795,0,3,3,0,6,1777,534,1,2002,1795,2,9742,75,281,159,5,8,1777,2002,2002
847,1081,4,3,0,6,847,434,0,2003,1928,2,8200,65,0,48,5,7,847,2003,2004
1159,0,3,3,673,1,378,336,2,1968,1159,3,11553,69,188,0,5,5,1051,1968,1968
855,601,3,3,311,6,544,440,2,1978,1456,3,2280,24,0,0,5,6,855,1978,1978
1137,817,3,3,341,1,457,431,3,1939,1954,2,15660,69,312,119,9,7,798,1939,2006
2028,0,2,1,1460,2,408,880,1,2005,2028,2,11443,88,208,66,5,8,1868,2005,2006
2898,0,2,0,1165,0,0,665,0,1976,2898,2,15498,69,0,72,6,8,1565,1976,1976
814,860,3,3,533,2,281,663,1,2000,1674,2,7500,69,0,96,5,7,814,2000,2000
974,0,3,2,212,1,762,0,3,0,974,3,10712,63,0,28,5,5,974,1991,1992
1091,898,3,2,932,2,133,586,0,2002,1989,2,11367,90,210,60,5,8,1065,2002,2002
1080,1017,3,3,50,1,499,678,3,1993,2097,2,11228,59,0,187,5,7,1080,1993,1993
1442,0,3,3,0,5,1424,500,3,1990,1442,3,11851,99,0,34,5,7,1424,1990,1990
1130,0,2,3,821,6,299,720,2,1970,1130,3,10800,60,0,0,6,5,1120,1920,1950
1133,687,4,3,329,4,697,240,2,1925,1820,3,9120,60,0,100,6,7,1026,1925,1950
1378,741,3,3,0,5,689,583,3,1972,2119,3,10448,69,333,104,6,6,689,1972,1972
1264,1312,4,3,0,5,1234,666,0,2006,2576,0,12438,82,466,100,5,8,1234,2006,2006
780,240,2,3,0,5,780,0,3,0,1020,3,6342,54,0,0,8,5,780,1875,1996
1095,679,4,3,0,5,1095,779,2,1920,1774,3,9600,60,0,0,2,4,1095,1900,1950
904,0,1,1,350,1,333,0,3,0,904,1,10020,69,0,0,1,1,683,1922,1950
673,709,3,3,641,2,32,490,2,2000,1382,2,2651,69,0,50,5,7,673,2000,2000
1518,1518,4,2,0,5,1107,840,2,1993,3608,0,22950,90,0,260,9,10,1107,1892,1993
1178,1032,5,2,0,5,1008,205,2,1930,2210,1,9900,90,0,48,4,6,1008,1880,1950
806,766,3,3,0,5,806,373,0,1995,1572,3,10364,69,0,40,5,6,806,1995,1996
1824,0,2,1,1219,2,424,739,2,1971,1824,2,115149,69,351,48,5,7,1643,1971,2002
1056,0,3,3,775,1,281,304,2,1968,1056,3,8450,65,0,85,6,5,1056,1968,1968
949,272,4,3,392,1,392,392,2,1965,1221,3,9738,60,0,0,7,5,784,1924,1950
1362,0,0,3,288,0,700,504,3,1961,1362,3,10197,80,491,20,5,6,1362,1961,1961
848,0,1,1,697,2,151,420,1,2004,848,2,4426,69,147,0,5,6,848,2004,2004
1434,0,3,3,20,2,1434,527,1,2001,1434,2,8529,65,0,39,5,7,1454,2001,2001
1208,0,2,3,664,2,544,628,1,2007,1208,2,6762,64,108,54,5,7,1208,2007,2007
1096,370,3,3,626,0,170,566,3,1950,1466,2,10800,60,0,21,8,5,796,1936,1989
1987,0,2,1,1314,2,672,691,0,1994,1987,2,14303,91,554,36,5,8,1986,1994,1994
1325,1093,3,1,1173,2,138,983,1,1993,2418,2,10542,96,651,154,5,7,1311,1993,1994
1314,0,2,3,904,2,410,626,1,2008,1314,2,5063,34,166,62,5,7,1314,2007,2008
970,739,3,3,0,5,970,380,2,2004,1709,2,2522,24,50,40,5,7,970,2004,2004
672,546,3,3,0,6,672,0,3,0,1218,3,1680,21,236,0,5,6,672,1971,1971
1440,1440,8,3,256,3,1184,0,3,0,3395,1,10896,60,0,110,7,6,1440,1914,1995
1200,0,3,1,1200,2,0,0,3,0,1200,3,10800,60,0,0,5,5,1200,1987,1988
912,0,2,3,111,1,522,297,0,1958,912,3,7535,70,0,285,7,5,912,1958,1985
2444,1872,4,1,1455,2,989,832,0,1994,4316,0,21535,104,1170,50,6,10,2444,1994,1995
856,854,3,3,706,2,150,548,1,2003,1710,2,8450,65,196,61,5,7,856,2003,2003
1234,1140,4,3,0,5,1181,656,0,2003,2374,0,11999,93,340,100,5,8,1181,2003,2004
860,704,3,3,275,4,429,234,2,1941,1564,1,12000,75,0,0,7,7,704,1941,1950
1466,0,3,3,176,6,1290,528,0,1959,1466,1,17755,134,132,140,4,5,1466,1959,1959
1383,0,3,3,565,4,818,292,3,1960,1383,3,11600,80,175,45,5,6,1383,1960,1960
1535,0,4,4,0,6,0,410,2,1979,1535,3,7018,64,0,0,5,5,0,1979,1979
990,0,3,3,716,0,274,576,2,1996,990,3,13568,43,0,0,5,5,990,1995,1995
918,728,4,3,364,4,554,240,2,1941,1646,3,7128,53,0,0,5,7,918,1941,1950
908,1020,4,3,0,5,1020,440,2,1910,1928,1,9142,69,0,60,8,6,1020,1910,1950
1040,685,3,3,315,2,114,550,1,1979,1725,3,11584,80,96,88,6,7,539,1979,1979
2129,743,4,3,700,2,983,541,0,1992,2872,2,10678,85,337,33,5,8,1683,1992,2000
1092,1020,4,2,500,0,176,576,2,1969,2112,3,11075,85,0,0,5,6,952,1969,1969
757,567,3,3,672,1,0,240,2,1936,1324,3,6000,50,0,0,6,4,672,1936,1950
520,600,2,3,0,5,600,480,1,2005,1200,2,3180,30,0,166,5,7,600,2005,2005
672,672,3,3,456,4,216,468,2,1964,1344,3,10690,59,0,128,7,5,672,1920,1997
840,828,3,3,0,6,840,500,1,2003,1668,2,11317,72,101,68,5,7,840,2003,2003
1040,0,2,4,0,6,0,400,2,1949,1040,3,8544,60,0,0,4,3,0,1950,1950
900,0,3,2,234,6,180,576,2,2005,900,2,7200,60,0,32,7,5,900,1951,2000
1559,0,0,3,338,4,1221,812,2,1948,1559,3,8100,90,0,116,6,5,1559,1948,1973
948,0,3,3,492,0,372,248,2,1954,948,3,10215,75,132,0,5,4,864,1954,1954
923,0,2,3,543,1,261,264,1,1980,923,3,8012,50,0,0,5,6,923,1980,1980
1552,0,3,0,24,2,1528,782,3,2005,1552,2,10084,84,196,20,5,7,1552,2005,2006
961,0,0,3,216,0,540,642,2,1998,1717,2,9550,60,0,35,5,7,756,1915,1970
1721,0,3,3,570,4,891,440,1,1968,1721,3,10335,78,0,96,6,5,1461,1968,1993
483,504,2,3,330,1,153,264,2,1973,987,3,1680,21,158,0,5,6,483,1973,1973
1200,0,3,3,334,0,322,521,1,1995,1200,2,11249,105,0,26,5,6,1200,1995,1995
1148,568,3,3,292,3,476,281,2,1949,1716,3,11409,60,0,0,4,5,768,1949,2008
894,0,3,3,553,2,224,336,2,1973,894,3,8450,65,0,144,8,5,894,1965,2009
1771,0,3,4,0,6,0,336,2,1960,1771,3,21750,100,75,0,4,5,0,1960,2006
1173,0,3,1,885,2,0,528,1,1974,1173,2,10625,85,81,120,6,7,1053,1974,1974
1287,0,3,3,72,0,733,576,0,1997,1287,2,9830,69,0,17,7,5,1063,1959,2006
1382,0,3,3,547,4,504,459,3,1974,1382,3,11235,75,51,82,5,4,1051,1963,1979
1214,1306,4,3,565,2,638,721,3,1995,2520,2,9950,82,290,114,5,7,1203,1995,1995
1215,0,3,3,585,4,630,297,2,1958,1215,3,12400,66,176,0,7,6,1215,1958,1998
1203,1323,4,3,740,2,425,844,3,1994,2526,2,10120,92,391,78,5,8,1165,1994,1994
600,600,2,3,0,5,600,480,1,2004,1200,2,3182,30,0,172,5,7,600,2004,2005
1728,0,4,3,1606,0,122,560,2,1976,1728,3,9297,63,0,0,5,5,1728,1976,1976
902,808,3,3,0,5,576,480,2,1990,1710,3,10300,50,0,11,6,7,576,1921,1950
1407,985,3,3,1074,2,322,870,0,1997,2392,2,9452,82,423,70,5,8,1396,1997,1998
1014,730,3,3,402,1,594,457,1,1993,1744,2,9453,69,0,70,7,7,996,1993,2003
822,843,3,3,0,5,813,562,1,2007,1665,2,8125,65,0,0,6,7,813,2007,2007
1282,1414,4,0,984,2,280,792,3,2007,2696,0,9965,77,220,184,5,7,1264,2007,2007
864,0,3,3,616,0,248,528,2,1974,864,3,9000,60,0,0,6,4,864,1971,1971
672,0,2,3,344,4,328,234,2,1941,672,3,9340,50,0,113,6,4,672,1941,1950
1320,0,3,0,328,3,285,564,3,1966,1320,3,11777,96,97,68,6,5,1164,1966,1966
958,0,2,3,120,0,958,440,1,1977,958,3,4928,69,0,205,5,6,1078,1976,1976
1710,0,3,2,0,5,1710,550,3,2004,1710,2,12118,43,108,48,5,7,1710,2004,2005
1265,0,3,1,633,0,586,502,1,1965,1265,2,9350,85,0,92,8,5,1219,1965,1999
1456,0,2,1,0,5,1273,400,0,2003,1456,2,3196,69,40,20,5,8,1273,2003,2003
1067,472,0,3,0,5,927,576,2,1995,1539,3,6120,51,0,0,6,5,927,1936,1950
1959,0,5,3,0,5,1907,766,2,1989,1959,3,11070,82,70,0,5,7,1907,1988,1989
1008,0,4,3,0,5,1008,0,3,0,1522,3,6000,60,0,0,5,5,1008,1926,1950
1124,0,3,4,0,6,0,0,3,0,1124,3,8335,77,0,36,5,5,0,1954,1954
1107,983,3,2,859,0,216,484,3,1973,2090,3,10382,69,240,204,6,7,1107,1973,1973
1214,0,2,3,698,0,420,461,2,1965,1214,3,9170,70,0,0,7,5,1214,1965,1965
1779,0,3,2,306,0,372,454,2,1955,1779,3,17920,102,0,418,4,5,1763,1955,1974
1629,0,3,0,1300,2,316,808,0,2002,1629,2,14536,85,236,252,5,8,1616,2002,2003
1554,0,2,2,24,2,1530,627,1,2006,1554,2,4590,34,108,73,5,8,1554,2006,2006
993,1243,4,3,0,5,964,642,0,1997,2236,2,13006,69,285,0,5,7,964,1997,1997
796,0,2,3,0,5,796,0,3,0,796,3,3636,40,0,0,4,4,796,1922,1950
840,840,0,3,0,5,840,308,3,1960,1680,3,15576,63,0,0,7,6,840,1915,1976
848,0,1,0,686,2,162,420,0,2003,848,2,4435,37,170,0,5,6,848,2003,2003
1142,0,3,3,874,0,268,528,0,1976,1142,3,4224,44,0,90,5,5,1142,1976,1976
1252,0,1,1,429,1,93,564,1,1960,1252,3,13500,69,0,0,7,6,1602,1960,1975
1684,0,2,3,28,2,1656,564,1,2005,1684,0,8849,63,616,72,5,9,1684,2005,2005
2000,0,3,3,1464,2,536,888,3,2004,2000,2,10386,80,246,0,5,8,2000,2004,2005
1616,0,3,0,0,5,1616,834,1,2005,1616,2,8688,73,228,59,5,7,1616,2005,2005
1299,573,3,0,990,2,309,531,1,2001,1872,0,11885,69,108,122,5,8,1299,2001,2001
1042,534,3,3,0,5,1042,225,2,1928,1576,3,6240,52,0,0,6,5,1042,1928,1950
1175,807,3,0,421,2,386,575,3,1989,1982,2,11287,82,340,84,6,7,807,1989,1989
988,0,3,3,534,1,246,276,2,1950,988,3,7200,60,0,80,7,5,876,1950,1950
1844,0,2,3,976,2,868,620,0,2005,1844,2,10994,88,366,44,5,8,1844,2005,2006
1258,0,3,3,656,0,602,528,3,1971,1258,2,11040,80,144,0,7,6,1258,1971,2004
1288,0,1,3,786,2,474,500,0,1996,1288,0,14963,38,0,30,5,8,1260,1996,1996
1634,0,3,3,0,5,1626,866,3,2006,1634,2,11428,98,248,44,5,8,1626,2006,2006
855,0,3,3,257,0,103,440,2,1974,1322,3,2308,24,0,0,5,6,855,1974,1974
707,707,3,0,0,5,707,403,0,2004,1414,2,9056,74,0,35,5,8,707,2004,2004
1504,0,3,1,690,2,814,478,0,1996,1504,2,11883,73,196,66,5,7,1504,1996,1996
1670,0,3,3,0,5,1670,690,1,2006,1670,2,14859,50,27,60,5,7,1670,2006,2006
1516,651,0,1,125,3,36,518,1,1974,2167,2,17542,69,0,47,7,7,1192,1974,2003
1069,0,2,3,559,0,510,440,1,1977,1069,3,4043,53,0,55,6,6,1069,1977,1977
1072,0,2,1,547,2,0,525,0,2005,1072,3,3675,35,82,44,5,6,547,2005,2006
1572,0,3,1,1159,4,413,995,1,1963,1572,3,35133,50,226,263,4,5,1572,1963,1963
1188,561,0,3,1088,3,0,456,2,1963,1869,3,8820,98,0,0,6,5,1088,1890,1996
882,0,1,3,0,5,882,0,3,0,882,3,5500,55,0,0,6,4,882,1956,1956
1922,0,3,1,1249,2,673,676,0,2005,1922,2,14157,86,200,51,5,9,1922,2005,2006
780,0,2,0,632,0,148,352,2,1973,780,3,7200,60,0,0,7,5,780,1972,1972
1021,580,0,3,0,5,533,300,1,1958,1601,3,13825,85,0,34,6,5,533,1958,1987
1530,0,0,0,1274,0,256,430,0,2005,1530,2,16158,124,16,36,5,7,1530,2005,2005
833,0,3,3,625,6,208,0,3,0,833,3,8780,69,0,0,5,5,833,1985,1985
679,504,2,3,331,0,318,308,2,1981,1183,3,6000,50,0,176,7,3,649,1948,2002
1040,0,3,3,659,0,381,260,2,1962,1040,3,6897,69,0,104,8,5,1040,1962,2010
1466,1362,4,1,1150,2,316,1052,1,2006,2828,2,9965,77,340,144,5,8,1466,2006,2007
1032,220,3,3,280,1,752,288,2,1950,1252,3,9600,80,0,0,5,6,1032,1950,1950
1246,0,3,3,340,3,0,305,1,1959,1246,2,7500,75,0,0,7,5,1246,1959,1994
904,0,2,3,0,5,884,180,2,1926,904,3,6000,50,0,0,7,6,884,1926,2004
966,686,4,3,686,3,0,416,2,1961,1652,3,10800,60,0,0,6,5,686,1915,1950
1036,0,3,3,375,4,457,288,2,1949,1268,3,12144,60,0,28,7,5,832,1949,1950
1172,741,3,3,0,5,896,342,3,1929,1913,3,7558,57,0,0,6,6,896,1928,1950
1358,0,0,2,733,6,625,484,1,2010,1358,2,6371,44,128,35,5,7,1358,2009,2010
1657,0,3,3,1237,3,420,484,2,1970,1657,3,12155,69,0,0,3,6,1657,1970,1970
838,0,2,2,210,4,0,275,0,1961,838,1,10267,55,0,0,7,6,816,1918,2000
1022,1038,3,3,772,0,220,390,1,1999,2060,2,8755,69,298,0,5,7,992,1999,1999
764,862,2,3,573,2,191,474,1,2003,1626,2,2448,36,106,27,5,7,764,2003,2004
663,689,4,3,371,0,292,299,0,1969,1352,3,9364,80,143,36,7,6,663,1969,1969
968,408,3,3,368,4,359,240,2,1941,1376,3,9492,79,0,0,5,5,768,1941,1950
849,811,3,3,326,3,389,240,2,1939,1660,3,11988,74,0,0,7,6,715,1934,1995
616,796,3,3,0,5,616,432,0,2007,1412,2,8499,73,0,36,5,6,616,2006,2007
756,713,3,3,0,6,756,216,2,1906,1469,3,10320,60,0,0,7,6,756,1906,1995
774,656,3,3,0,6,384,400,1,2000,1430,3,9967,76,0,0,5,7,384,2000,2000
1094,0,3,2,500,4,594,495,3,1953,1094,3,10452,85,216,0,5,6,1094,1953,1953
1826,0,3,1,1422,2,392,758,3,2005,1826,2,11302,69,238,75,5,8,1814,2005,2006
672,252,0,2,0,6,672,576,2,2003,924,3,8064,60,0,0,7,5,672,1949,2006
1502,0,1,0,368,2,0,528,1,1985,1502,2,6820,69,0,54,5,8,1488,1985,1985
616,1072,4,1,462,2,154,603,1,1997,1688,2,12798,79,0,114,5,6,616,1997,1997
1262,0,0,3,905,2,357,572,3,2006,1262,2,7200,60,68,120,5,6,1262,2006,2006
1905,0,3,3,0,5,1905,788,0,2006,1905,0,11670,84,302,191,5,9,1905,2006,2006
1153,878,3,0,252,0,901,541,0,1998,2031,2,11404,75,202,84,5,7,1153,1998,1999
1350,0,3,3,0,5,1064,478,1,1974,1350,3,10140,78,174,0,5,6,1064,1974,1974
941,888,3,3,483,2,458,613,1,2003,1829,2,9548,44,223,39,6,7,941,2003,2003
965,0,3,3,641,1,187,300,2,1979,965,3,7800,60,0,0,5,5,828,1965,1965
672,252,2,3,348,1,324,280,2,1941,924,1,12180,60,0,0,4,4,672,1941,1950
1055,1208,3,3,0,5,1055,905,0,2001,2263,2,9240,69,396,45,5,8,1055,2001,2002
1236,872,4,3,626,4,501,540,2,1935,2108,2,13728,120,0,0,7,6,1127,1935,1986
1242,0,3,3,916,0,326,528,2,1973,1242,3,9600,80,320,0,6,7,1242,1973,1973
989,584,3,3,0,6,884,240,2,1935,1573,2,6120,51,0,0,7,4,884,1935,1995
884,1151,3,3,0,5,884,434,0,2001,2035,2,9505,69,180,48,5,7,884,2001,2001
1232,0,3,3,660,1,572,516,2,1984,1232,3,11120,69,0,0,6,6,1232,1984,1984
1098,866,4,3,403,6,400,483,1,1976,1964,3,10480,80,660,69,6,7,803,1976,1976
792,348,3,3,0,5,576,0,3,0,1140,3,8800,55,0,160,7,4,576,1910,2004
894,0,3,3,702,1,192,450,1,1967,894,2,9764,57,0,0,7,5,894,1967,2003
1512,1142,4,2,619,1,435,619,3,1968,2654,2,11029,69,220,65,7,6,1054,1968,1984
768,0,2,0,660,6,108,396,0,1974,768,3,7200,60,0,0,8,5,768,1972,2003
672,0,2,4,0,6,0,0,3,0,912,3,6240,52,0,0,5,4,0,1947,1950
1040,1040,5,0,650,4,390,504,2,1969,2080,1,11606,70,192,0,5,5,1040,1969,1969
1040,0,3,3,732,2,308,576,3,2000,1040,2,12464,82,0,0,5,5,1040,1996,1996
1149,467,3,2,370,3,779,216,2,1926,1616,2,5400,40,0,0,7,6,1149,1926,2004
1047,0,2,3,0,5,641,273,2,1954,1047,3,10800,60,0,0,7,4,641,1885,1995
1803,0,3,3,168,4,284,484,1,1957,1803,3,13125,88,67,0,4,5,1134,1957,2000
832,0,2,3,0,5,832,528,2,1962,832,2,7227,59,0,0,6,6,832,1954,1954
894,0,3,3,180,4,340,384,3,1966,894,3,7094,99,0,0,5,5,894,1966,1966
596,596,3,2,0,5,596,189,2,1920,1192,3,6402,60,0,0,5,5,596,1920,1950
1850,0,3,1,1261,2,572,772,0,2004,1850,2,16033,98,378,112,5,9,1833,2004,2005
899,0,3,3,450,0,414,288,0,1967,899,2,7800,65,89,0,7,5,864,1967,2004
892,0,3,3,340,4,524,264,1,1966,892,3,9477,69,65,0,5,5,864,1966,1966
1260,1031,4,2,1046,4,168,506,2,1900,2291,3,7200,60,0,0,6,6,1214,1910,1998
1075,1063,2,3,0,5,849,360,2,1910,2138,3,8100,90,0,156,5,5,849,1898,1965
926,678,3,3,0,5,926,470,0,1997,1604,3,10839,100,0,36,5,6,926,1997,1998
887,1134,3,3,0,5,868,422,1,2006,2021,2,23257,168,0,100,5,7,868,2006,2006
938,0,3,0,280,3,167,308,2,1977,938,3,9200,69,0,0,6,5,938,1975,1980
912,514,3,3,0,5,912,216,2,1925,1426,2,7642,55,0,240,8,7,912,1918,1998
928,992,4,3,220,4,708,400,3,1948,1920,3,11345,95,567,0,5,5,928,1948,1950
1098,0,3,3,902,0,196,260,3,1955,1098,3,7390,69,151,0,7,5,1098,1955,1955
729,0,2,3,0,5,270,0,3,0,729,3,4130,56,0,0,6,3,270,1935,2003
1252,0,3,3,0,5,1252,528,2,1960,1252,2,10721,80,243,39,6,6,1252,1959,1959
1584,0,4,3,0,5,1584,792,2,1967,1584,3,8944,65,0,152,5,5,1584,1967,1967
1506,0,2,3,0,5,1498,592,3,2008,1506,0,14587,75,284,174,5,9,1498,2008,2008
1709,0,2,0,1238,2,460,506,0,1999,1709,2,5119,50,60,65,5,9,1698,1999,2000
1092,0,2,3,895,4,197,299,0,1957,1092,3,14850,69,0,0,5,5,1092,1957,1957
1746,0,3,1,1320,2,426,758,0,2006,1746,0,14892,42,160,39,5,9,1746,2006,2007
1304,983,0,3,603,1,701,667,0,1953,2287,3,15593,81,0,21,4,7,1304,1953,1953
789,0,2,3,0,5,768,200,2,1926,789,3,10594,55,0,0,5,5,768,1926,1950
1041,0,3,3,991,0,50,270,1,1959,1041,3,9600,80,132,88,6,5,1041,1959,1959
993,915,4,3,0,5,967,431,0,2002,1908,2,14191,85,0,0,5,8,967,2002,2002
1010,1257,4,3,0,5,1010,390,1,2002,2267,2,8068,69,0,46,5,6,1010,2002,2002
875,0,2,3,209,1,506,180,2,1931,875,3,6120,51,0,0,7,5,715,1931,1993
1526,0,4,0,383,4,833,364,3,1957,1526,3,8562,68,145,78,6,5,1216,1957,2002
1567,0,2,1,1567,0,0,714,1,1977,1567,2,9819,69,0,32,5,6,1567,1977,1977
1734,1088,0,1,0,5,1734,1020,1,2009,2822,0,13891,107,424,170,5,9,1734,2008,2009
689,689,3,3,141,4,548,360,2,1928,1378,2,9600,60,0,0,9,7,689,1928,2005
1281,457,4,3,0,5,715,368,2,1920,1738,3,12513,69,0,0,4,4,715,1920,2007
1164,896,4,3,831,2,320,521,3,1988,2060,3,10029,97,268,228,5,6,1151,1988,1989
1128,0,2,3,812,3,124,286,2,1954,1128,3,9000,75,0,0,5,5,936,1954,1954
840,880,3,3,0,5,840,440,0,2004,1720,2,8244,62,0,48,5,7,840,2004,2004
1050,0,2,3,504,4,546,338,2,1956,1050,3,9600,80,0,0,6,5,1050,1956,1956
1114,0,0,3,814,2,300,576,2,2004,1114,2,13695,66,0,78,5,6,1114,2003,2004
1053,0,3,3,567,4,413,750,1,1998,1053,0,8973,69,85,80,7,5,1008,1958,1991
1593,0,0,0,1153,2,440,682,0,2001,1593,0,4923,41,0,120,5,8,1593,2001,2002
1214,0,0,3,695,1,519,318,1,1967,1214,3,10355,69,196,111,5,5,1214,1967,1967
816,0,3,3,641,0,175,264,2,1982,816,2,6600,60,0,0,9,5,816,1982,2008
1535,0,4,4,0,6,0,400,2,1979,1535,3,7018,64,0,0,5,5,0,1979,1979
1360,1360,0,3,1036,6,140,795,2,1918,3112,2,25419,174,0,16,4,8,1360,1918,1990
1079,840,3,0,0,5,1079,685,1,2006,1919,2,15611,120,0,51,5,8,1079,2006,2006
1097,0,3,3,0,5,1097,672,2,1995,1097,3,10859,112,0,64,5,5,1097,1994,1995
983,767,4,2,660,0,323,423,2,1989,1750,3,12508,75,0,0,7,6,983,1940,1985
483,504,2,3,0,5,483,288,2,1972,987,3,1680,21,297,0,5,6,483,1972,1972
981,0,3,3,282,0,664,576,2,1979,981,3,10530,69,0,312,5,6,981,1971,1971
1700,0,4,3,1018,4,380,447,1,1959,1700,2,10552,70,0,38,5,5,1398,1959,1959
816,0,2,3,708,2,108,308,2,1957,816,3,7100,73,0,0,7,5,816,1957,1957
944,896,3,3,666,2,278,622,1,2001,1840,2,12420,79,0,45,5,7,944,2001,2001
1291,1230,5,3,837,0,105,576,3,1973,2521,3,3964,42,0,20,4,6,942,1973,1973
1002,0,3,3,828,1,174,902,2,1973,1002,3,8750,69,76,0,6,5,1002,1970,1970
841,0,2,3,0,5,721,294,2,1950,841,3,8400,60,0,0,4,4,721,1950,1950
996,0,2,0,747,2,189,564,2,1992,996,2,9069,73,0,0,6,6,936,1992,1992
1713,0,3,0,1088,2,625,856,0,2004,1713,0,9591,76,262,26,5,8,1713,2004,2005
1412,0,3,2,1005,2,387,576,2,1988,1412,2,11457,130,0,0,5,6,1392,1988,1988
1236,0,2,3,600,2,312,923,3,1957,1236,3,7407,90,0,158,7,6,912,1957,1996
1040,0,3,1,633,0,431,648,2,1963,1040,3,25286,94,0,0,5,4,1064,1963,1963
1616,0,2,3,1180,2,415,608,1,1995,1616,2,5389,39,0,152,5,8,1595,1995,1996
1414,0,3,3,528,0,245,601,2,1990,1414,3,11029,87,0,51,8,6,1184,1958,2002
975,975,3,3,649,6,326,576,1,1997,1950,2,7399,66,1600,10,5,7,975,1997,1998
1086,0,3,3,320,0,404,490,2,1989,1086,3,10200,85,104,0,7,5,1086,1954,2003
1072,504,0,1,1309,2,15,528,1,1923,1576,2,21384,144,0,312,6,5,1324,1923,2004
768,0,2,0,619,0,149,624,2,1987,768,3,7244,54,0,0,7,5,768,1970,1970
1381,0,3,3,982,0,179,676,3,1972,1381,2,9360,78,0,0,7,6,1161,1972,2006
1284,885,3,3,0,6,1284,647,1,2002,2169,2,9375,69,149,87,5,8,1284,2002,2002
720,0,2,4,0,6,0,287,2,1955,720,3,6627,69,0,0,6,3,0,1949,1950
1584,1208,0,3,493,3,1017,520,2,1920,2792,3,10440,60,0,547,7,6,1510,1920,1950
936,0,2,3,0,5,936,576,2,1974,936,3,6000,60,0,32,4,4,936,1953,1953
1181,0,3,0,920,1,38,588,1,1974,1181,3,10012,90,0,0,5,4,1138,1972,1972
1689,0,3,0,0,5,1689,954,1,2007,1689,2,9849,83,0,56,6,7,1689,2007,2007
948,0,3,3,732,4,216,280,3,1956,948,3,8190,60,0,36,6,4,948,1954,1954
756,756,2,3,420,2,336,440,2,2000,1512,2,2117,69,513,32,5,6,756,2000,2000
894,0,3,3,492,1,402,450,3,1968,894,3,8724,109,0,0,5,5,894,1968,1968
932,920,3,3,822,2,78,644,1,2009,1852,2,8640,72,0,108,5,7,900,2009,2009
845,0,3,4,0,6,0,290,2,1957,845,3,11500,69,0,0,3,4,0,1957,1957
774,0,3,3,544,4,0,0,3,0,774,2,4270,70,0,0,6,3,544,1931,2006
2053,1185,4,0,816,6,1217,666,0,1996,3238,2,14720,56,579,86,5,8,2033,1995,1996
1232,0,2,0,724,2,508,632,3,2007,1232,2,7314,64,82,0,5,7,1232,2007,2007
1164,0,3,3,0,5,1164,528,2,1969,1164,3,9600,80,168,0,5,7,1164,1969,1969
912,336,2,3,324,3,588,160,2,1957,1248,3,9439,52,0,0,5,5,912,1930,1950
1687,0,3,0,353,1,60,572,3,1966,1687,3,57200,69,0,0,5,5,747,1948,1950
860,1100,4,3,625,2,235,440,0,2002,1960,2,7851,69,0,48,5,6,860,2002,2002
546,0,3,3,273,1,0,286,1,1970,1092,3,2217,21,0,0,4,4,546,1970,1970
894,0,3,3,552,6,342,400,2,1999,894,3,9450,68,0,0,5,4,894,1954,1954
1479,0,3,0,1013,2,440,558,1,2003,1479,2,10665,72,167,29,5,7,1453,2003,2003
1060,0,3,2,188,4,204,270,2,1968,1060,2,8246,69,0,90,8,5,1060,1968,2001
1436,0,3,2,946,2,490,484,3,2004,1436,2,8450,65,266,98,5,7,1436,2004,2004
1044,0,2,0,0,5,540,504,2,1952,1044,1,8712,66,0,0,5,5,540,1952,1952
880,888,2,2,390,6,490,320,2,1914,1768,3,10800,60,0,341,7,7,880,1914,1970
816,0,2,0,538,6,278,432,2,2002,816,3,5890,69,0,0,8,6,816,1930,2007
774,656,3,3,250,2,134,400,0,2000,1430,3,7750,69,0,0,5,7,384,2000,2000
1867,0,2,3,379,3,470,303,0,1955,1867,3,10708,69,0,0,5,5,1617,1955,1993
1500,0,0,0,1070,2,286,648,0,2006,1500,2,4045,53,45,20,5,7,1356,2006,2006
1100,0,3,3,419,0,375,312,1,1960,1100,3,12493,69,0,0,5,4,1100,1960,1960
816,0,0,1,546,0,270,264,2,1982,816,3,8314,76,0,0,7,5,816,1982,1982
1328,0,2,1,967,1,383,308,3,1959,1328,3,16905,115,0,104,6,5,1350,1959,1959
1728,568,3,1,1338,2,384,842,1,2008,2296,0,13478,97,420,274,5,10,1722,2008,2008
864,0,2,3,167,4,697,572,2,1957,864,3,8172,60,0,0,7,5,864,1955,1990
1266,0,3,3,0,5,1257,453,2,2005,1266,2,7500,62,0,144,5,7,1257,2005,2005
858,0,3,3,614,1,244,0,3,0,858,3,8125,69,0,0,4,4,858,1971,1971
832,878,3,3,426,2,406,506,1,1993,1710,2,9291,76,120,70,5,6,832,1993,1993
772,351,3,3,0,5,732,264,2,1979,1123,3,6060,50,0,0,5,4,732,1939,1950
953,694,3,3,0,5,953,460,1,1999,1647,3,7917,62,0,40,5,6,953,1999,2000
874,0,3,3,510,6,354,288,1,1968,874,3,9858,62,0,0,6,5,864,1968,1968
1788,0,3,0,0,5,1753,522,1,2001,1788,0,11838,69,0,151,5,8,1753,2001,2001
1839,0,3,3,1186,2,291,416,0,1957,1839,2,14442,110,106,87,7,6,1477,1957,2004
1088,780,4,3,381,0,399,484,2,1976,1868,2,10304,69,44,96,7,5,780,1976,1976
1712,0,4,3,528,3,1098,588,0,2005,1712,3,8393,70,122,54,5,5,1626,1959,2005
561,668,2,3,285,0,276,462,0,1980,1229,3,1300,24,0,0,6,6,561,1980,1980
1600,0,3,3,0,5,1566,890,1,2007,1600,2,14230,110,640,56,5,8,1566,2007,2007
916,684,3,0,0,5,916,460,0,1997,1600,3,8773,57,0,38,5,6,916,1997,1997
896,448,3,3,0,5,896,240,3,1936,1344,3,6240,69,0,114,4,5,896,1936,1950
1126,0,3,0,767,0,266,540,1,1977,1126,0,15611,69,0,0,6,5,1126,1977,1977
923,0,3,3,658,0,218,264,2,1984,923,3,6951,37,0,0,5,5,876,1984,1985
616,0,2,3,616,3,0,205,2,1921,616,3,6000,50,0,0,7,5,616,1921,1950
1800,0,6,3,0,5,1800,0,3,0,1800,3,8000,80,0,0,4,5,1800,1961,1961
1505,0,2,3,1024,6,481,505,1,1953,1505,3,12160,128,90,0,4,6,1505,1953,1953
1647,0,3,2,1283,0,0,621,0,1977,1647,2,12984,80,459,0,6,5,1430,1977,1977
1132,0,2,3,1024,2,108,451,0,2005,1132,2,7024,60,0,64,5,4,1132,2005,2005
928,836,3,3,821,2,107,470,1,1997,1764,2,15426,65,0,99,5,6,928,1997,1997
1088,441,4,4,0,6,0,240,2,1945,1529,3,8405,50,0,0,3,4,0,1945,1950
1699,748,4,3,0,5,804,336,2,1969,2447,2,9638,50,0,0,7,6,804,1919,1990
1504,0,1,3,16,2,1330,457,0,2005,1504,2,3182,43,16,0,5,7,1346,2005,2006
1163,0,3,3,256,0,906,220,2,1955,1163,3,5820,49,0,98,8,3,1162,1955,2005
769,756,3,3,436,2,320,440,2,2000,1525,2,2117,69,456,0,5,6,756,2000,2000
935,0,3,3,560,1,0,288,2,1965,935,3,13526,69,114,0,6,5,935,1965,1965
813,0,2,3,0,5,813,270,2,1932,813,2,5684,70,0,113,8,6,813,1930,2005
1112,896,3,3,603,2,293,230,2,1948,2008,0,7800,78,0,0,8,5,896,1948,2002
1532,797,4,3,1085,2,390,514,2,1990,2329,2,11839,86,99,121,5,7,1475,1990,1990
910,648,4,3,420,1,490,282,2,1950,1558,3,13710,75,0,0,5,5,910,1950,1950
832,832,4,3,194,2,638,528,1,1976,1664,3,10140,78,0,28,5,7,832,1976,1976
2110,0,3,3,1065,0,1045,522,0,1968,2110,0,11160,93,0,0,5,7,2110,1968,1968
905,881,3,3,648,2,176,684,1,1997,1786,2,9337,69,0,162,5,6,824,1997,1997
925,550,4,3,548,0,36,336,1,1977,1475,3,2665,41,0,26,6,5,757,1977,1977
811,576,3,3,0,5,811,256,2,1954,1387,2,6000,50,0,0,4,5,811,1954,1954
976,732,3,3,0,5,976,380,3,2004,1708,2,3363,32,117,40,5,7,976,2004,2004
1085,649,3,3,600,4,312,440,3,1962,1734,2,9786,77,0,0,7,6,912,1962,1981
1766,648,3,3,664,1,290,520,3,1970,2414,3,10800,60,0,0,4,5,954,1900,1970
933,975,4,3,642,2,273,493,2,1994,1908,2,8750,70,0,133,5,7,915,1994,1995
1283,0,3,3,504,4,319,506,2,1980,1283,3,7763,70,0,0,7,5,931,1962,1980
1212,0,3,3,0,5,1212,573,1,2001,1212,2,9100,70,0,0,5,7,1212,2001,2001
952,596,0,3,0,5,952,672,3,1978,1548,0,7264,55,0,0,7,7,952,1925,2007
980,0,3,0,400,6,100,384,0,1967,980,3,9750,75,0,0,5,5,980,1967,1967
1811,0,2,3,296,0,230,470,0,1956,1811,0,14115,90,0,0,7,6,1073,1956,2004
1056,0,0,3,1056,4,0,384,2,1966,1056,3,8900,69,0,42,4,4,1056,1966,1966
1234,0,3,0,0,5,1234,484,1,2007,1234,2,11049,85,0,30,5,8,1234,2007,2007
630,672,3,3,0,5,630,440,2,1970,1302,3,2016,24,304,0,5,5,630,1970,1970
1035,371,3,3,0,5,319,0,3,0,1406,1,7920,69,0,144,7,6,319,1920,1950
858,0,2,0,685,2,173,576,2,1983,858,3,7252,69,0,0,5,5,858,1982,1982
1182,1142,4,3,998,6,177,736,0,2005,2324,0,11924,85,286,21,5,9,1175,2005,2006
910,0,3,0,0,5,105,414,2,1953,910,2,8892,74,0,0,7,5,105,1953,1996
798,813,4,1,674,2,0,442,1,1964,1611,3,9760,80,360,128,6,6,780,1964,1964
684,876,3,0,0,5,684,400,0,2005,1560,2,11911,122,0,38,5,6,684,2005,2005
2020,0,4,4,0,6,0,630,2,1977,2020,3,8400,60,320,0,5,5,0,1977,1977
1338,0,2,2,616,2,722,582,0,2001,1338,2,4920,41,0,0,5,8,1338,2001,2001
1188,0,3,3,593,6,595,312,2,1962,1188,3,26142,69,189,39,7,5,1188,1962,1962
1459,0,3,3,0,6,1459,527,1,2002,1459,2,8749,70,100,39,5,7,1459,2002,2002
1306,954,3,1,1201,2,105,533,3,1996,2260,2,14000,80,0,44,5,7,1306,1996,1997
1430,0,3,3,0,5,1413,605,1,2001,1430,2,16285,67,0,33,5,7,1413,2001,2002
996,0,3,3,290,1,706,0,3,0,996,3,13907,63,0,0,6,5,996,1940,1969
1092,0,3,3,787,4,305,504,1,1964,1092,3,8250,75,260,0,7,6,1092,1964,1964
625,625,2,3,0,5,625,625,0,2006,1250,2,4017,35,0,54,5,7,625,2006,2007
864,864,0,3,0,5,864,572,1,2004,1728,2,9313,65,0,56,5,7,864,2004,2004
924,0,3,3,0,5,924,280,2,1981,924,3,7990,88,0,0,6,5,924,1975,1975
1199,0,2,3,300,2,899,530,1,1993,1199,2,7892,55,0,63,5,6,1199,1993,1993
948,0,3,3,0,5,948,300,2,1968,948,3,8978,69,0,0,5,5,948,1968,1968
925,0,0,3,338,1,121,429,2,1965,925,3,9100,70,0,0,6,5,925,1965,1965
835,0,2,3,108,0,350,366,2,1920,835,3,10625,85,0,0,5,5,458,1920,1950
1580,886,4,3,0,5,1580,610,1,2004,2466,2,11143,102,0,214,5,8,1580,2004,2005
1216,941,4,3,445,4,479,487,3,1966,2157,2,14200,88,309,66,6,7,924,1966,1966
1060,0,3,3,840,2,200,572,3,1976,1060,3,4224,44,0,110,7,5,1040,1976,1976
2633,0,2,1,1282,2,1351,804,1,2001,2633,0,11400,69,705,140,5,10,2633,2001,2002
1048,0,2,3,0,5,993,280,2,1922,1048,3,6380,58,0,0,6,5,993,1922,1950
953,711,3,3,0,5,953,460,1,2000,1664,3,8121,69,0,40,5,6,953,2000,2000
784,0,2,3,0,5,784,360,2,1950,784,3,9000,60,0,0,3,6,784,1928,1950
1279,0,3,3,641,0,276,473,2,1980,1279,3,10125,75,0,83,6,6,1196,1977,1977
1229,0,3,3,1059,0,75,284,1,1956,1229,3,17140,69,0,0,6,4,1134,1956,1956
1268,0,2,3,540,3,728,244,0,1954,1268,3,7800,78,200,98,6,5,1268,1954,1954
1428,0,3,3,0,5,1428,480,0,2007,1428,2,11639,95,0,120,5,7,1428,2007,2008
1125,0,0,0,631,0,410,352,2,1977,1125,3,7200,72,255,0,6,6,1041,1976,1976
1008,0,2,3,486,1,522,275,3,1954,1008,3,11425,69,0,0,6,5,1008,1954,1954
1630,0,3,1,0,5,1622,860,1,2008,1630,0,10226,61,270,42,5,8,1622,2008,2008
864,864,3,3,503,4,361,673,1,2003,1728,2,8791,64,0,56,5,6,864,2003,2003
1211,0,3,3,250,1,210,322,3,1968,1211,3,8250,55,0,63,5,5,952,1968,1968
1040,0,0,3,369,3,671,286,1,1959,1040,3,7560,70,0,0,5,5,1040,1959,1959
1707,0,2,3,0,5,1686,511,1,1981,1707,3,16669,69,653,64,6,8,1686,1981,1981
955,0,3,3,0,5,935,462,0,1998,1632,3,9084,63,0,28,5,7,935,1998,1998
1392,0,3,3,1302,6,90,528,2,1957,1392,3,11341,69,180,0,6,5,1392,1957,1996
1319,0,3,3,428,1,0,270,2,1953,1319,3,10634,79,0,0,6,5,608,1953,1953
742,742,3,3,0,5,742,390,0,2005,1484,2,12589,149,0,24,5,6,742,2005,2005
971,0,3,1,523,6,448,300,2,1969,971,3,9920,69,0,0,6,5,971,1969,1969
1062,0,3,0,539,0,490,539,1,1976,1062,3,11333,69,0,0,5,6,1029,1976,1976
980,0,4,1,945,6,0,0,3,0,980,3,9400,35,250,0,5,6,945,1975,1975
1405,0,2,3,0,5,1405,478,1,2003,1405,2,3136,69,163,36,5,7,1405,2003,2003
959,712,3,3,786,2,173,472,0,2000,1671,3,10852,58,0,38,5,6,959,2000,2000
1074,0,3,3,788,0,268,495,1,1975,1074,3,10140,78,0,88,6,5,1056,1975,1975
1547,720,2,4,0,6,0,672,2,1979,2320,3,14762,69,0,144,6,5,0,1948,1950
918,0,2,3,0,5,918,264,2,1979,918,3,7892,55,0,0,5,6,918,1979,1979
1437,0,3,1,1157,0,280,528,1,1976,1437,2,10768,90,0,21,8,5,1437,1976,2004
1069,0,2,3,360,0,709,440,1,1977,1069,3,4043,53,0,55,5,6,1069,1977,1977
829,727,4,3,298,4,429,441,3,1968,1556,3,11700,78,0,0,6,6,727,1968,1968
824,1070,4,3,624,2,193,510,3,2002,1894,2,11316,80,44,40,5,7,817,2002,2003
1973,0,3,0,0,5,1935,895,0,2006,1973,2,14226,110,375,45,5,8,1935,2006,2006
1898,1080,5,3,0,5,710,564,0,1961,2978,2,11275,96,300,0,7,7,710,1967,2007
848,0,1,0,662,2,186,420,1,2004,848,2,4438,69,205,0,5,6,848,2004,2004
804,670,3,3,0,5,384,400,0,1995,1474,3,8530,69,22,72,5,7,384,1995,1996
1056,0,3,3,480,1,108,260,2,1954,1056,3,9250,80,0,0,7,5,1056,1954,2005
902,0,2,0,301,1,239,484,2,1983,902,3,8885,69,0,0,5,5,864,1983,1983
1032,0,3,0,605,0,427,564,2,1978,1032,3,10395,69,233,0,6,6,1032,1978,1978
1077,0,2,3,0,5,961,338,2,1920,1077,3,8967,60,0,0,2,5,961,1920,1950
1235,0,2,3,600,4,635,480,2,1961,1235,3,8500,85,203,0,3,5,1235,1961,1961
1442,0,3,2,738,2,172,719,0,1990,1442,2,10357,114,0,244,5,7,910,1990,1991
483,504,2,3,387,0,96,264,2,1971,987,3,1680,21,232,0,5,6,483,1971,1971
1004,0,2,1,975,2,0,504,2,1977,1004,3,10530,78,90,0,5,6,975,1977,1977
1006,0,3,3,288,2,718,0,3,0,1006,3,9000,69,0,24,3,5,1006,1959,1959
936,780,6,3,210,6,570,0,3,0,1716,1,5687,55,0,184,6,5,780,1912,2000
860,0,3,3,0,5,860,565,1,2004,1720,2,11645,89,0,70,5,7,860,2004,2004
960,0,2,3,250,0,710,308,2,1997,960,1,6000,50,0,0,4,4,960,1920,1950
1604,0,3,3,1334,2,270,660,1,2006,1604,2,8814,68,180,110,5,7,1604,2006,2006
2217,0,4,1,351,0,1043,621,2,1970,2217,2,15865,95,0,207,6,8,2217,1970,1970
1844,0,3,0,1110,4,734,540,1,1969,1844,2,16381,69,312,73,5,6,1844,1969,1969
799,772,3,3,0,5,799,380,1,1993,1571,3,7837,59,0,40,7,6,799,1993,1994
1479,0,3,3,0,5,1468,577,1,1999,1479,2,9382,93,125,25,5,7,1468,1999,2000
1619,167,3,1,1249,6,103,529,0,1965,1786,3,164660,69,0,0,6,5,1499,1965,1965
1632,0,3,3,620,4,0,338,1,1958,1632,3,9600,80,183,0,6,6,1240,1958,1988
866,902,3,0,20,2,846,578,1,2007,1768,2,10769,68,0,105,5,8,866,2007,2007
1096,0,3,2,75,1,230,299,0,1969,1096,3,15870,69,0,32,5,5,1096,1969,1969
1236,857,3,3,0,5,791,542,0,1986,2093,3,20544,46,123,63,6,7,791,1986,1991
660,688,3,3,512,1,148,453,1,1966,1348,3,7590,69,266,108,5,6,660,1966,1966
728,728,3,0,648,2,80,410,0,2005,1456,2,8199,63,0,18,5,7,728,2005,2005
1600,0,2,1,1277,1,207,319,1,1957,1600,3,16321,47,0,258,6,5,1484,1957,1997
1700,0,3,0,340,2,1342,544,1,2003,1700,2,9135,70,120,23,5,6,1682,2003,2003
808,785,3,3,0,5,808,389,1,1993,1593,3,9636,69,0,40,5,6,808,1992,1993
1363,0,2,3,650,1,178,288,2,1951,1363,3,14559,75,70,42,7,5,1008,1951,2000
855,586,3,3,311,0,544,440,2,1978,1441,3,2289,24,0,0,6,6,855,1978,1978
1710,0,2,1,1400,6,310,866,1,2007,1710,2,13891,107,436,102,5,8,1710,2007,2008
1222,888,3,3,695,2,253,463,1,1994,2110,2,8880,69,0,130,5,7,948,1994,2002
725,754,3,3,533,2,192,475,1,1976,1479,2,13517,69,289,44,8,6,725,1976,2005
767,0,1,0,584,2,0,367,0,1998,767,3,4058,34,182,40,5,7,723,1998,1998
664,0,3,0,554,2,100,426,1,2006,1496,2,17104,58,0,24,5,7,654,2006,2006
1567,0,1,0,1154,2,366,648,0,2006,1567,0,3982,53,0,0,5,8,1520,2006,2006
1148,0,2,2,210,3,219,308,2,1952,1148,3,6420,57,0,0,7,5,980,1952,1952
1120,850,3,2,0,5,1085,753,0,2006,1970,0,11065,86,788,74,5,8,1085,2006,2006
1453,1357,4,3,482,2,971,750,1,1990,2810,2,9572,69,336,0,5,8,1453,1990,1990
1470,0,4,3,986,2,484,696,3,1998,2630,2,9200,80,473,66,5,8,1470,1998,1998
1105,1169,5,3,443,4,662,480,3,1960,2274,3,11600,80,361,0,5,5,1105,1960,1960
1261,0,3,3,662,0,599,433,1,1958,1261,3,9120,76,0,0,6,6,1261,1958,1958
1486,0,3,3,637,1,849,480,0,1968,1486,3,9937,75,0,0,7,5,1486,1964,1999
773,0,2,3,570,6,203,240,2,1953,773,3,7677,57,0,0,5,5,773,1953,1953
1537,0,3,3,0,6,1319,462,1,1962,1537,2,8400,80,237,36,9,6,1319,1962,2005
866,913,0,0,0,5,866,546,1,1998,1779,2,10400,80,0,36,5,7,866,1998,1998
1225,0,3,3,569,0,381,0,3,0,1225,3,9320,77,0,0,5,4,950,1959,1959
848,0,1,0,659,2,189,420,0,2003,848,2,4435,36,170,0,5,6,848,2003,2003
780,596,3,3,0,5,780,198,2,1937,1376,3,8600,50,0,0,6,6,780,1937,1950
742,729,3,3,381,2,348,440,2,1999,1471,3,3230,34,894,24,5,6,729,1999,1999
869,0,2,3,0,5,440,0,3,0,869,1,5900,51,0,0,7,4,440,1923,1958
729,729,2,3,419,2,310,440,2,1999,1458,3,3230,34,1129,32,5,6,729,1999,1999
894,0,3,3,762,0,102,440,2,1974,894,3,13350,100,0,0,5,5,864,1974,1974
885,833,3,3,0,5,832,427,0,1998,1718,3,10141,74,40,94,5,7,832,1998,1998
1701,0,3,1,1390,0,0,611,0,1975,1701,3,16647,69,0,0,5,5,1390,1975,1981
864,0,3,3,600,1,264,576,2,1980,864,3,12735,69,0,0,5,4,864,1972,1972
1094,761,3,3,0,5,528,512,1,1976,1855,3,9600,80,360,100,7,6,528,1976,1994
1651,0,3,3,1398,0,0,616,0,1986,1651,3,12416,47,132,0,5,6,1606,1986,1986
612,612,0,0,0,5,612,528,1,2009,1224,2,3951,40,76,234,5,6,612,2009,2009
928,0,3,3,308,4,620,288,0,1957,928,3,6000,50,0,0,6,5,928,1957,1957
372,720,3,4,0,6,0,0,3,0,1092,1,5600,70,0,0,5,4,0,1930,1950
832,809,3,3,16,3,712,546,2,1925,1641,0,9600,60,0,0,7,7,728,1925,1990
708,708,3,3,404,0,304,776,1,1968,1416,3,11700,90,420,169,6,6,708,1968,1968
1058,846,3,0,546,2,512,736,0,2003,1904,0,10927,74,280,60,5,8,1058,2005,2005
936,0,2,3,248,1,448,308,0,1956,936,3,5868,74,0,0,7,5,936,1956,2000
716,840,3,3,81,6,23,452,0,1980,1556,3,1950,24,0,0,6,6,716,1980,1980
864,0,2,3,120,3,744,400,2,1951,864,3,19138,140,0,0,5,4,864,1951,1951
1654,0,3,3,986,2,668,900,2,2002,1654,2,8125,69,295,136,5,7,1654,2002,2002
1416,0,3,3,0,5,816,576,2,2007,1416,2,25339,69,0,0,7,5,816,1918,2007
1268,1097,0,2,1163,2,89,856,3,1999,2365,2,9430,82,673,128,5,8,1252,1999,1999
1067,0,2,3,442,1,625,436,2,1996,1067,2,9600,60,0,0,7,4,1067,1950,1995
1318,584,4,4,0,6,0,539,2,1978,1902,3,8930,68,0,0,5,6,0,1978,1978
1557,0,2,1,0,5,1374,420,0,2003,1557,2,3196,69,18,20,5,7,1374,2003,2004
1195,644,4,3,0,5,1195,486,0,1998,1839,3,16770,58,30,81,5,7,1195,1998,1998
